企业代号,企业名称,信誉评级,是否违约,有效销项金额,有效进项金额,月均销项收入,毛利率,有效销项发票数,有效进项发票数,销项作废率,进项作废率,销项负数率,进项负数率,有效经营月份数,最长销项断档月数,销项收入波动系数,客户数,供应商数,客户集中度HHI,供应商集中度HHI,进销匹配差异,经营规模分,经营连续性分,交易真实性分,抗风险能力分,信用基础分,信用得分,风险得分,最大作废率,最大负数率,是否一票否决,一票否决原因,是否高风险池,高风险池原因,风险等级,分级依据指标
E1,***电器销售有限公司,A,否,4065843301.779994,5744706261.019965,135528110.059333,-0.412919,7886,3249,0.027620,0.055798,0.028237,0.020634,32,0,0.459655,352,436,0.072295,0.990795,0.412919,70.000000,90.393687,80.726727,65.609906,100,78.882400,21.117600,0.055798,0.028237,否,,否,,较低风险,信用得分=78.88，有效销项金额=4065843301.78，毛利率=-41.29%，有效经营月份=32，最大作废率=5.58%，最大负数率=2.82%，进销匹配差异=0.41，客户HHI=0.072，供应商HHI=0.991
E2,***技术有限责任公司,A,否,590841712.790017,155762303.569994,15968694.940271,0.736372,11665,31435,0.082002,0.022422,0.028331,0.004851,38,0,0.742896,1579,3625,0.008919,0.070693,0.736372,84.379698,92.459784,71.383574,98.375213,100,87.107818,12.892182,0.082002,0.028331,否,,否,,低风险,信用得分=87.11，有效销项金额=590841712.79，毛利率=73.64%，有效经营月份=38，最大作废率=8.20%，最大负数率=2.83%，进销匹配差异=0.74，客户HHI=0.009，供应商HHI=0.071
E3,***电子(中国)有限公司***分公司,C,否,570177995.280001,52026978.690000,15004684.086316,0.908753,23688,4367,0.015993,0.042535,0.186973,0.005701,38,0,0.707871,135,571,0.140935,0.405272,0.908753,74.977104,92.946237,50.096043,66.965044,60.000000,69.250543,30.749457,0.042535,0.186973,否,,是,最大负数率18.70% > 15%,较低风险,信用得分=69.25，有效销项金额=570177995.28，毛利率=90.88%，有效经营月份=38，最大作废率=4.25%，最大负数率=18.70%，进销匹配差异=0.91，客户HHI=0.141，供应商HHI=0.405
E4,***发展有限责任公司,C,否,1839969689.959990,219877104.440000,52570562.570285,0.880500,2041,521,0.085164,0.066308,0.004034,0.007168,38,1,1.297984,26,131,0.327588,0.878647,0.880500,76.518203,82.250226,71.593084,21.906384,60.000000,63.859144,36.140856,0.085164,0.007168,否,,否,,中风险,信用得分=63.86，有效销项金额=1839969689.96，毛利率=88.05%，有效经营月份=38，最大作废率=8.52%，最大负数率=0.72%，进销匹配差异=0.88，客户HHI=0.328，供应商HHI=0.879
E5,***供应链管理有限公司,B,否,202632288.870000,197784985.120000,6140372.390000,0.023922,1005,2084,0.051887,0.039189,0.009434,0.008299,37,2,0.871091,33,393,0.202455,0.140308,0.023922,96.319708,85.679292,90.902125,58.158914,80.000000,83.573099,16.426901,0.051887,0.009434,否,,否,,低风险,信用得分=83.57，有效销项金额=202632288.87，毛利率=2.39%，有效经营月份=37，最大作废率=5.19%，最大负数率=0.94%，进销匹配差异=0.02，客户HHI=0.202，供应商HHI=0.140
E6,***装饰设计工程有限公司,A,否,366439288.300000,302282691.220000,9903764.548649,0.175081,913,10814,0.132129,0.046132,0.021863,0.007057,37,0,0.687760,142,1515,0.068752,0.120516,0.175081,100.000000,93.225558,75.158514,81.250369,100,88.684814,11.315186,0.132129,0.021863,否,,否,,低风险,信用得分=88.68，有效销项金额=366439288.30，毛利率=17.51%，有效经营月份=37，最大作废率=13.21%，最大负数率=2.19%，进销匹配差异=0.18，客户HHI=0.069，供应商HHI=0.121
E7,***家电有限公司***分公司,A,否,512950626.490000,59720328.690001,13498700.697105,0.883575,8032,12643,0.014358,0.034664,0.234262,0.034435,38,0,0.699284,1211,1572,0.035882,0.068545,0.883575,76.350460,93.065505,49.684419,97.935035,100,79.708828,20.291172,0.034664,0.234262,否,,是,最大负数率23.43% > 15%,较低风险,信用得分=79.71，有效销项金额=512950626.49，毛利率=88.36%，有效经营月份=38，最大作废率=3.47%，最大负数率=23.43%，进销匹配差异=0.88，客户HHI=0.036，供应商HHI=0.069
E8,***科学研究院有限公司,A,否,358888832.790006,162413052.880002,9444442.968158,0.547456,8359,21777,0.113103,0.033679,0.026313,0.003461,38,0,0.472579,2679,2598,0.004020,0.078746,0.547456,94.684228,96.214175,70.638091,98.117125,100,90.196840,9.803160,0.113103,0.026313,否,,否,,低风险,信用得分=90.20，有效销项金额=358888832.79，毛利率=54.75%，有效经营月份=38，最大作废率=11.31%，最大负数率=2.63%，进销匹配差异=0.55，客户HHI=0.004，供应商HHI=0.079
E9,***生活用品服务有限公司***分公司,A,否,319592135.360001,24535615.550000,8410319.351579,0.923228,5760,4199,0.024721,0.021896,0.020657,0.006289,38,0,0.337153,123,738,0.057955,0.128900,0.923228,74.187545,98.095104,77.284073,79.806220,100,83.448169,16.551831,0.024721,0.020657,否,,否,,低风险,信用得分=83.45，有效销项金额=319592135.36，毛利率=92.32%，有效经营月份=38，最大作废率=2.47%，最大负数率=2.07%，进销匹配差异=0.92，客户HHI=0.058，供应商HHI=0.129
E10,***建筑劳务有限公司,B,否,340831584.470000,5144538.690000,9738045.270571,0.984906,516,3860,0.091549,0.057847,0.003521,0.008299,37,1,1.785621,26,881,0.107701,0.019081,0.984906,70.823313,75.477488,68.702432,73.934739,80.000000,72.763882,27.236118,0.091549,0.008299,否,,否,,较低风险,信用得分=72.76，有效销项金额=340831584.47，毛利率=98.49%，有效经营月份=37，最大作废率=9.15%，最大负数率=0.83%，进销匹配差异=0.98，客户HHI=0.108，供应商HHI=0.019
E11,***建设工程有限公司,C,否,148439127.140002,133219036.310001,7068529.863810,0.102534,1051,2715,0.059087,0.042666,0.000895,0.008463,31,2,0.643230,4,466,0.396469,0.081676,0.102534,86.889410,81.344027,88.664100,54.449491,60.000000,77.047081,22.952919,0.059087,0.008463,否,,否,,较低风险,信用得分=77.05，有效销项金额=148439127.14，毛利率=10.25%，有效经营月份=31，最大作废率=5.91%，最大负数率=0.85%，进销匹配差异=0.10，客户HHI=0.396，供应商HHI=0.082
E12,***建筑劳务有限公司,B,否,223684403.089999,88851680.770000,13980275.193125,0.602781,263,1757,0.077193,0.021715,0.003509,0.007238,36,3,0.817421,5,395,0.563657,0.140255,0.602781,91.666487,83.924708,77.558568,44.421902,80.000000,75.975586,24.024414,0.077193,0.007238,否,,否,,较低风险,信用得分=75.98，有效销项金额=223684403.09，毛利率=60.28%，有效经营月份=36，最大作废率=7.72%，最大负数率=0.72%，进销匹配差异=0.60，客户HHI=0.564，供应商HHI=0.140
E13,***汽车贸易有限公司,A,否,212454771.010000,92028477.700003,5590915.026579,0.566833,6808,13255,0.149532,0.015888,0.009244,0.002970,38,0,0.942808,3182,722,0.061563,0.097396,0.566833,91.624496,89.683219,67.759380,96.187220,100,87.020057,12.979943,0.149532,0.009244,否,,否,,低风险,信用得分=87.02，有效销项金额=212454771.01，毛利率=56.68%，有效经营月份=38，最大作废率=14.95%，最大负数率=0.92%，进销匹配差异=0.57，客户HHI=0.062，供应商HHI=0.097
E14,个体经营E14,C,否,209084031.790000,111348020.140000,5807889.771944,0.467448,3097,6527,0.071643,0.077717,0.012890,0.018369,36,0,0.381074,820,906,0.009754,0.064333,0.467448,97.885658,97.485080,78.183930,98.579073,60.000000,89.230228,10.769772,0.077717,0.018369,否,,否,,低风险,信用得分=89.23，有效销项金额=209084031.79，毛利率=46.74%，有效经营月份=36，最大作废率=7.77%，最大负数率=1.84%，进销匹配差异=0.47，客户HHI=0.010，供应商HHI=0.064
E15,***劳务有限公司,A,否,211824339.199996,4238459.000000,7304287.558621,0.979991,2260,92,0.063018,0.000000,0.000000,0.000000,32,3,0.843387,2,33,0.724875,0.261630,0.979991,71.091417,77.564067,74.027609,20.741157,100,65.940801,34.059199,0.063018,0.000000,否,,否,,较低风险,信用得分=65.94，有效销项金额=211824339.20，毛利率=98.00%，有效经营月份=32，最大作废率=6.30%，最大负数率=0.00%，进销匹配差异=0.98，客户HHI=0.725，供应商HHI=0.262
E16,***建筑劳务有限公司,A,否,209410435.500000,277180.850000,5816956.541667,0.998676,390,289,0.111617,0.003448,0.000000,0.003448,36,1,0.910353,53,77,0.065484,0.088189,0.998676,69.003259,87.633987,66.379498,53.111887,100,71.994864,28.005136,0.111617,0.003448,否,,否,,较低风险,信用得分=71.99，有效销项金额=209410435.50，毛利率=99.87%，有效经营月份=36，最大作废率=11.16%，最大负数率=0.34%，进销匹配差异=1.00，客户HHI=0.065，供应商HHI=0.088
E17,***消防工程有限公司,A,否,154980771.440000,130460468.019997,4188669.498378,0.158215,561,7143,0.170118,0.056158,0.019231,0.012024,37,0,0.678762,182,869,0.042314,0.019295,0.158215,80.501449,93.350526,70.530052,88.522461,100,84.132473,15.867527,0.170118,0.019231,否,,否,,低风险,信用得分=84.13，有效销项金额=154980771.44，毛利率=15.82%，有效经营月份=37，最大作废率=17.01%，最大负数率=1.92%，进销匹配差异=0.16，客户HHI=0.042，供应商HHI=0.019
E18,***消防工程有限责任公司,A,否,187726474.540000,127926244.549996,5073688.501081,0.318550,345,5455,0.094488,0.053773,0.005249,0.005377,37,0,0.888975,46,642,0.124621,0.044268,0.318550,91.206671,90.430908,80.390441,74.216132,100,85.828686,14.171314,0.094488,0.005377,否,,否,,低风险,信用得分=85.83，有效销项金额=187726474.54，毛利率=31.85%，有效经营月份=37，最大作废率=9.45%，最大负数率=0.54%，进销匹配差异=0.32，客户HHI=0.125，供应商HHI=0.044
E19,***科技有限公司,A,否,180443886.070000,183208718.950000,4876861.785676,-0.015322,2821,1484,0.089706,0.026247,0.021297,0.001969,37,0,0.396938,508,167,0.014680,0.187206,0.015322,83.226785,97.264746,83.978389,76.108003,100,86.475843,13.524157,0.089706,0.021297,否,,否,,低风险,信用得分=86.48，有效销项金额=180443886.07，毛利率=-1.53%，有效经营月份=37，最大作废率=8.97%，最大负数率=2.13%，进销匹配差异=0.02，客户HHI=0.015，供应商HHI=0.187
E20,***贸易有限公司,B,否,191826403.600000,177559726.440000,5480754.388571,0.074373,737,1041,0.051480,0.078761,0.000000,0.002655,37,2,0.478565,25,70,0.318146,0.072541,0.074373,93.770987,91.131048,87.273696,42.991594,80.000000,80.085699,19.914301,0.078761,0.002655,否,,否,,低风险,信用得分=80.09，有效销项金额=191826403.60，毛利率=7.44%，有效经营月份=37，最大作废率=7.88%，最大负数率=0.27%，进销匹配差异=0.07，客户HHI=0.318，供应商HHI=0.073
E21,***建设工程有限公司,B,否,118412938.230004,114782677.349999,3482733.477353,0.030658,1428,2146,0.025921,0.071799,0.031378,0.009516,37,1,1.028738,325,480,0.240446,0.059199,0.030658,68.055432,85.989746,84.704903,85.733703,80.000000,80.534774,19.465226,0.071799,0.031378,否,,否,,低风险,信用得分=80.53，有效销项金额=118412938.23，毛利率=3.07%，有效经营月份=37，最大作废率=7.18%，最大负数率=3.14%，进销匹配差异=0.03，客户HHI=0.240，供应商HHI=0.059
E22,***物流有限公司,A,否,111933993.520000,65915911.020000,3109277.597778,0.411118,1366,1520,0.125480,0.055901,0.007682,0.013665,37,1,0.798163,45,80,0.098248,0.122249,0.411118,66.775785,89.192176,73.188524,50.450130,100,72.919538,27.080462,0.125480,0.013665,否,,否,,较低风险,信用得分=72.92，有效销项金额=111933993.52，毛利率=41.11%，有效经营月份=37，最大作废率=12.55%，最大负数率=1.37%，进销匹配差异=0.41，客户HHI=0.098，供应商HHI=0.122
E23,***贸易有限公司,B,否,183238932.060000,173780708.680000,4952403.569189,0.051617,3441,4802,0.036134,0.030095,0.010364,0.015148,37,0,0.206556,117,682,0.053797,0.666449,0.051617,89.739604,99.908944,91.765613,62.229943,80.000000,85.804081,14.195919,0.036134,0.015148,否,,否,,低风险,信用得分=85.80，有效销项金额=183238932.06，毛利率=5.16%，有效经营月份=37，最大作废率=3.61%，最大负数率=1.51%，进销匹配差异=0.05，客户HHI=0.054，供应商HHI=0.666
E24,***建筑工程有限公司,A,否,140520367.659999,75290120.820000,4014867.647429,0.464205,1638,2004,0.080808,0.021006,0.015713,0.007816,36,1,0.637733,48,367,0.140918,0.081763,0.464205,75.895846,91.420373,78.206380,62.163130,100,79.242257,20.757743,0.080808,0.015713,否,,否,,较低风险,信用得分=79.24，有效销项金额=140520367.66，毛利率=46.42%，有效经营月份=36，最大作废率=8.08%，最大负数率=1.57%，进销匹配差异=0.46，客户HHI=0.141，供应商HHI=0.082
E25,***通讯设备有限公司,C,否,37997036.420000,8975529.430000,1117559.894706,0.763783,814,1391,0.167689,0.013475,0.023517,0.004255,34,0,1.116687,233,368,0.049795,0.062934,0.763783,25.516042,84.268233,59.629700,80.541673,60.000000,60.248417,39.751583,0.167689,0.023517,否,,否,,中风险,信用得分=60.25，有效销项金额=37997036.42，毛利率=76.38%，有效经营月份=34，最大作废率=16.77%，最大负数率=2.35%，进销匹配差异=0.76，客户HHI=0.050，供应商HHI=0.063
E26,***金属材料有限公司,A,否,36648003.490000,37078221.160000,1018000.096944,-0.011739,450,758,0.107143,0.041719,0.003968,0.001264,37,0,0.706913,42,117,0.080702,0.085516,0.011739,36.637854,92.959536,84.199326,53.437708,100,69.488744,30.511256,0.107143,0.003968,否,,否,,较低风险,信用得分=69.49，有效销项金额=36648003.49，毛利率=-1.17%，有效经营月份=37，最大作废率=10.71%，最大负数率=0.40%，进销匹配差异=0.01，客户HHI=0.081，供应商HHI=0.086
E27,***农业开发有限公司,A,否,44058220.500000,44272038.460000,1190762.716216,-0.004853,1389,2475,0.053815,0.035088,0.016349,0.008577,37,0,0.516917,177,403,0.065308,0.378742,0.004853,39.536969,95.598376,89.928695,66.845769,100,74.855245,25.144755,0.053815,0.016349,否,,否,,较低风险,信用得分=74.86，有效销项金额=44058220.50，毛利率=-0.49%，有效经营月份=37，最大作废率=5.38%，最大负数率=1.63%，进销匹配差异=0.00，客户HHI=0.065，供应商HHI=0.379
E28,***景观工程有限公司,B,否,49029625.430000,1272115.790000,2042901.059583,0.974054,525,156,0.077329,0.076923,0.000000,0.000000,32,4,0.941747,5,61,0.347824,0.108438,0.974054,20.244590,73.697962,72.128042,38.926335,80.000000,53.618017,46.381983,0.077329,0.000000,否,,否,,中风险,信用得分=53.62，有效销项金额=49029625.43，毛利率=97.41%，有效经营月份=32，最大作废率=7.73%，最大负数率=0.00%，进销匹配差异=0.97，客户HHI=0.348，供应商HHI=0.108
E29,***建筑劳务有限公司,C,是,45171435.470000,160579.420000,3011429.031333,0.996445,469,48,0.012632,0.040000,0.000000,0.000000,24,8,0.861618,3,17,0.403736,0.790905,0.996445,22.194170,52.810868,76.962211,13.426656,35.000000,41.536600,58.463400,0.040000,0.000000,否,,是,历史违约记录；信用得分41.54 < 50,高风险,信用得分=41.54，有效销项金额=45171435.47，毛利率=99.64%，有效经营月份=24，最大作废率=4.00%，最大负数率=0.00%，进销匹配差异=1.00，客户HHI=0.404，供应商HHI=0.791
E30,***建筑工程有限公司,B,否,71493447.690000,21154741.030000,2978893.653750,0.704102,747,740,0.066250,0.018568,0.000000,0.002653,32,2,0.767045,7,169,0.228031,0.638047,0.704102,43.671777,81.124369,78.005330,30.294999,80.000000,60.703150,39.296850,0.066250,0.002653,否,,否,,中风险,信用得分=60.70，有效销项金额=71493447.69，毛利率=70.41%，有效经营月份=32，最大作废率=6.62%，最大负数率=0.27%，进销匹配差异=0.70，客户HHI=0.228，供应商HHI=0.638
E31,***食品有限公司,A,否,47282037.600000,4411556.940000,1277892.908108,0.906697,2501,404,0.041028,0.019417,0.002301,0.002427,37,0,0.372092,151,109,0.065792,0.678635,0.906697,20.381847,97.609839,78.024860,43.311997,100,62.786044,37.213956,0.041028,0.002427,否,,否,,中风险,信用得分=62.79，有效销项金额=47282037.60，毛利率=90.67%，有效经营月份=37，最大作废率=4.10%，最大负数率=0.24%，进销匹配差异=0.91，客户HHI=0.066，供应商HHI=0.679
E32,***建筑劳务有限公司,B,否,44150482.290000,2351999.100000,1522430.423793,0.946728,468,2811,0.152174,0.005308,0.003623,0.002123,35,1,0.902905,10,272,0.553213,0.107264,0.946728,18.534550,86.237434,61.584440,41.267513,80.000000,53.530737,46.469263,0.152174,0.003623,否,,否,,中风险,信用得分=53.53，有效销项金额=44150482.29，毛利率=94.67%，有效经营月份=35，最大作废率=15.22%，最大负数率=0.36%，进销匹配差异=0.95，客户HHI=0.553，供应商HHI=0.107
E33,***园林有限责任公司,B,否,69611432.640000,68636564.720000,2047395.077647,0.014004,912,1133,0.150047,0.123743,0.013048,0.010828,34,0,0.821764,84,240,0.045029,0.046127,0.014004,50.193019,88.364393,76.791269,64.153675,80.000000,70.249686,29.750314,0.150047,0.013048,否,,否,,较低风险,信用得分=70.25，有效销项金额=69611432.64，毛利率=1.40%，有效经营月份=34，最大作废率=15.00%，最大负数率=1.30%，进销匹配差异=0.01，客户HHI=0.045，供应商HHI=0.046
E34,***建设工程有限公司,B,否,90353514.160000,49370789.220000,2581528.976000,0.453582,596,2071,0.157001,0.103075,0.004243,0.019056,37,1,1.393802,64,447,0.290707,0.037379,0.453582,59.754643,80.919418,67.223737,63.283499,80.000000,68.585178,31.414822,0.157001,0.019056,否,,否,,较低风险,信用得分=68.59，有效销项金额=90353514.16，毛利率=45.36%，有效经营月份=37，最大作废率=15.70%，最大负数率=1.91%，进销匹配差异=0.45，客户HHI=0.291，供应商HHI=0.037
E35,***商贸有限公司,B,否,35050115.760000,29957308.160000,947300.425946,0.145301,737,633,0.042857,0.053812,0.002597,0.017937,37,0,0.762516,31,103,0.154507,0.045885,0.145301,41.293733,92.187274,87.233022,50.898466,80.000000,68.748837,31.251163,0.053812,0.017937,否,,否,,较低风险,信用得分=68.75，有效销项金额=35050115.76，毛利率=14.53%，有效经营月份=37，最大作废率=5.38%，最大负数率=1.79%，进销匹配差异=0.15，客户HHI=0.155，供应商HHI=0.046
E36,***超硬材料有限公司,D,是,35208995.920000,19556418.010000,1100281.122500,0.444562,1429,1562,0.076277,0.045232,0.023271,0.003667,32,0,0.386605,198,417,0.029139,0.053804,0.444562,41.959964,91.408257,78.050807,80.664377,0,64.417219,35.582781,0.076277,0.023271,是,信誉评级D,否,,中风险,信用得分=64.42，有效销项金额=35208995.92，毛利率=44.46%，有效经营月份=32，最大作废率=7.63%，最大负数率=2.33%，进销匹配差异=0.44，客户HHI=0.029，供应商HHI=0.054
E37,***木业有限公司,B,否,43448933.420000,43487945.830000,1174295.497838,-0.000898,1184,592,0.069914,0.042071,0.010998,0.003236,37,0,0.672412,276,79,0.024203,0.061906,0.000898,39.676797,93.438721,88.546738,73.214955,80.000000,73.386619,26.613381,0.069914,0.010998,否,,否,,较低风险,信用得分=73.39，有效销项金额=43448933.42，毛利率=-0.09%，有效经营月份=37，最大作废率=6.99%，最大负数率=1.10%，进销匹配差异=0.00，客户HHI=0.024，供应商HHI=0.062
E38,***建设工程有限公司,B,否,48352635.910000,12119875.870000,2014693.162917,0.749344,552,958,0.121019,0.033300,0.006369,0.004036,33,3,0.992345,8,236,0.424663,0.111928,0.749344,32.239237,76.995213,68.988390,43.630211,80.000000,57.431992,42.568008,0.121019,0.006369,否,,否,,中风险,信用得分=57.43，有效销项金额=48352635.91，毛利率=74.93%，有效经营月份=33，最大作废率=12.10%，最大负数率=0.64%，进销匹配差异=0.75，客户HHI=0.425，供应商HHI=0.112
E39,***建筑劳务有限公司,C,否,29171167.310000,350218.910000,1215465.304583,0.987994,236,279,0.106061,0.010638,0.022727,0.000000,30,1,1.023720,2,54,0.944458,0.099733,0.987994,11.790995,77.059450,64.452523,24.366921,60.000000,45.346154,54.653846,0.106061,0.022727,否,,是,信用得分45.35 < 50,高风险,信用得分=45.35，有效销项金额=29171167.31，毛利率=98.80%，有效经营月份=30，最大作废率=10.61%，最大负数率=2.27%，进销匹配差异=0.99，客户HHI=0.944，供应商HHI=0.100
E40,***财税咨询服务有限公司,C,否,33731395.200000,4270659.390000,963754.148571,0.873392,800,3068,0.093998,0.025413,0.047565,0.010801,35,0,1.122357,483,796,0.012953,0.021487,0.873392,17.983726,85.689491,64.421187,99.952332,60.000000,63.729593,36.270407,0.093998,0.047565,否,,否,,中风险,信用得分=63.73，有效销项金额=33731395.20，毛利率=87.34%，有效经营月份=35，最大作废率=9.40%，最大负数率=4.76%，进销匹配差异=0.87，客户HHI=0.013，供应商HHI=0.021
E41,***物业发展有限公司,C,否,32547375.890000,5084164.040000,856509.891842,0.843792,605,1968,0.087481,0.031972,0.027149,0.006394,38,0,0.800242,13,486,0.341506,0.029483,0.843792,18.900341,91.663312,68.913883,59.393024,60.000000,58.164823,41.835177,0.087481,0.027149,否,,否,,中风险,信用得分=58.16，有效销项金额=32547375.89，毛利率=84.38%，有效经营月份=38，最大作废率=8.75%，最大负数率=2.71%，进销匹配差异=0.84，客户HHI=0.342，供应商HHI=0.029
E42,***园艺场,A,否,26235453.610000,10425.630000,1380813.347895,0.999603,294,47,0.100917,0.000000,0.018349,0.000000,22,3,0.862722,28,7,0.081001,0.630247,0.999603,11.209003,62.295531,65.626220,30.423661,100,47.752644,52.247356,0.100917,0.018349,否,,是,信用得分47.75 < 50,高风险,信用得分=47.75，有效销项金额=26235453.61，毛利率=99.96%，有效经营月份=22，最大作废率=10.09%，最大负数率=1.83%，进销匹配差异=1.00，客户HHI=0.081，供应商HHI=0.630
E43,***建设工程有限公司,B,否,18337561.200000,3367877.650000,1410581.630769,0.816340,214,68,0.126531,0.128205,0.020408,0.128205,18,2,0.369006,5,19,0.415211,0.264831,0.816340,19.628040,65.652692,48.534564,30.064708,80.000000,44.184131,55.815869,0.128205,0.128205,否,,是,信用得分44.18 < 50,高风险,信用得分=44.18，有效销项金额=18337561.20，毛利率=81.63%，有效经营月份=18，最大作废率=12.82%，最大负数率=12.82%，进销匹配差异=0.82，客户HHI=0.415，供应商HHI=0.265
E44,***商贸有限公司,C,否,32843928.710000,29879150.640000,887673.748919,0.090269,2242,1222,0.079261,0.020833,0.023409,0.001603,37,0,0.708688,30,211,0.351781,0.052949,0.090269,40.572486,92.934893,83.812495,48.612744,60.000000,65.405773,34.594227,0.079261,0.023409,否,,否,,较低风险,信用得分=65.41，有效销项金额=32843928.71，毛利率=9.03%，有效经营月份=37，最大作废率=7.93%，最大负数率=2.34%，进销匹配差异=0.09，客户HHI=0.352，供应商HHI=0.053
E45,个体经营E45,B,是,24516874.660000,23845376.530000,1114403.393636,0.027389,305,592,0.061538,0.013333,0.021538,0.000000,29,3,0.970178,63,114,0.107982,0.407559,0.027389,37.778664,71.303078,87.674535,43.802424,55.000000,59.884400,40.115600,0.061538,0.021538,否,,是,历史违约记录,高风险,信用得分=59.88，有效销项金额=24516874.66，毛利率=2.74%，有效经营月份=29，最大作废率=6.15%，最大负数率=2.15%，进销匹配差异=0.03，客户HHI=0.108，供应商HHI=0.408
E46,***广告传媒有限公司,C,否,58575368.490000,49609846.300000,1583118.067297,0.153060,889,2492,0.087269,0.020440,0.039014,0.006682,37,0,0.577086,140,437,0.048882,0.078246,0.153060,48.984606,94.762693,79.251642,75.408116,60.000000,72.093224,27.906776,0.087269,0.039014,否,,否,,较低风险,信用得分=72.09，有效销项金额=58575368.49，毛利率=15.31%，有效经营月份=37，最大作废率=8.73%，最大负数率=3.90%，进销匹配差异=0.15，客户HHI=0.049，供应商HHI=0.078
E47,***控制设备有限责任公司,C,否,49623136.130000,41361240.740000,1341165.841351,0.166493,3356,2811,0.046049,0.032358,0.005969,0.003787,37,0,0.362428,760,374,0.019787,0.155983,0.166493,46.057943,97.744061,89.744136,85.434057,60.000000,76.586143,23.413857,0.046049,0.005969,否,,否,,较低风险,信用得分=76.59，有效销项金额=49623136.13，毛利率=16.65%，有效经营月份=37，最大作废率=4.60%，最大负数率=0.60%，进销匹配差异=0.17，客户HHI=0.020，供应商HHI=0.156
E48,***化工有限公司,A,否,50061017.690000,12605373.220000,1390583.824722,0.748200,960,1210,0.055118,0.020243,0.005906,0.004049,38,1,0.711310,59,232,0.063636,0.136741,0.748200,30.090924,90.398477,78.304141,58.329350,100,66.844331,33.155669,0.055118,0.005906,否,,否,,较低风险,信用得分=66.84，有效销项金额=50061017.69，毛利率=74.82%，有效经营月份=38，最大作废率=5.51%，最大负数率=0.59%，进销匹配差异=0.75，客户HHI=0.064，供应商HHI=0.137
E49,***地球环保科技有限公司,C,否,36887103.240000,23269176.610000,1271969.077241,0.369179,461,3518,0.101365,0.026833,0.025341,0.005256,37,3,1.128085,248,713,0.073995,0.087846,0.369179,43.030511,79.609925,75.547173,90.617574,60.000000,69.689921,30.310079,0.101365,0.025341,否,,否,,较低风险,信用得分=69.69，有效销项金额=36887103.24，毛利率=36.92%，有效经营月份=37，最大作废率=10.14%，最大负数率=2.53%，进销匹配差异=0.37，客户HHI=0.074，供应商HHI=0.088
E50,***建筑劳务有限公司,C,否,19113678.350000,1699224.010000,1470282.950000,0.911099,255,186,0.105263,0.055838,0.063158,0.005076,28,9,0.670428,5,66,0.314776,0.460896,0.911099,14.873080,58.966284,59.845240,28.889914,60.000000,42.250819,57.749181,0.105263,0.063158,否,,是,信用得分42.25 < 50,高风险,信用得分=42.25，有效销项金额=19113678.35，毛利率=91.11%，有效经营月份=28，最大作废率=10.53%，最大负数率=6.32%，进销匹配差异=0.91，客户HHI=0.315，供应商HHI=0.461
E51,***物流有限公司,B,否,27726264.060000,20388050.510000,749358.488108,0.264667,834,451,0.068156,0.004415,0.003352,0.008830,37,0,0.583924,129,61,0.110062,0.284688,0.264667,38.899420,94.667720,84.501933,50.827410,80.000000,67.949364,32.050636,0.068156,0.008830,否,,否,,较低风险,信用得分=67.95，有效销项金额=27726264.06，毛利率=26.47%，有效经营月份=37，最大作废率=6.82%，最大负数率=0.88%，进销匹配差异=0.26，客户HHI=0.110，供应商HHI=0.285
E52,***商贸有限公司,D,是,18778556.890000,16298326.870000,782439.870417,0.132078,286,409,0.245383,0.037647,0.013193,0.004706,29,1,1.510336,11,131,0.447942,0.139786,0.132078,37.110016,68.800892,61.356185,38.008433,0,45.978415,54.021585,0.245383,0.013193,是,信誉评级D,否,,高风险,信用得分=45.98，有效销项金额=18778556.89，毛利率=13.21%，有效经营月份=29，最大作废率=24.54%，最大负数率=1.32%，进销匹配差异=0.13，客户HHI=0.448，供应商HHI=0.140
E53,***文化传媒有限公司,C,否,35969165.350000,32639105.100000,1198972.178333,0.092581,396,599,0.127753,0.049206,0.008811,0.001587,32,1,1.027487,43,62,0.077312,0.450486,0.092581,42.531334,80.007128,79.172785,39.716657,60.000000,60.370787,39.629213,0.127753,0.008811,否,,否,,中风险,信用得分=60.37，有效销项金额=35969165.35，毛利率=9.26%，有效经营月份=32，最大作废率=12.78%，最大负数率=0.88%，进销匹配差异=0.09，客户HHI=0.077，供应商HHI=0.450
E54,***新技术开发有限公司,A,否,33674511.370000,7510589.240000,886171.351842,0.776965,3215,1555,0.081691,0.054136,0.010568,0.012165,38,0,0.610734,1110,458,0.016869,0.035688,0.776965,22.910606,94.295358,73.141560,92.668025,100,71.405718,28.594282,0.081691,0.012165,否,,否,,较低风险,信用得分=71.41，有效销项金额=33674511.37，毛利率=77.70%，有效经营月份=38，最大作废率=8.17%，最大负数率=1.22%，进销匹配差异=0.78，客户HHI=0.017，供应商HHI=0.036
E55,***集团有限公司***电力设备分公司,C,否,23406330.750000,10176811.460000,866901.138889,0.565211,443,752,0.249153,0.086270,0.125424,0.036452,38,2,1.383691,22,137,0.165916,0.055442,0.565211,32.170889,78.559848,36.413889,50.873242,60.000000,49.032813,50.967187,0.249153,0.125424,否,,是,信用得分49.03 < 50,高风险,信用得分=49.03，有效销项金额=23406330.75，毛利率=56.52%，有效经营月份=38，最大作废率=24.92%，最大负数率=12.54%，进销匹配差异=0.57，客户HHI=0.166，供应商HHI=0.055
E56,***家居材料***有限公司,C,否,26257261.890000,24540736.960000,750207.482571,0.065373,458,1152,0.074747,0.040799,0.016162,0.005828,36,0,0.617963,37,162,0.210827,0.100236,0.065373,38.586711,94.194960,85.967078,50.204665,60.000000,66.018372,33.981628,0.074747,0.016162,否,,否,,较低风险,信用得分=66.02，有效销项金额=26257261.89，毛利率=6.54%，有效经营月份=36，最大作废率=7.47%，最大负数率=1.62%，进销匹配差异=0.07，客户HHI=0.211，供应商HHI=0.100
E57,***机械设备有限公司,B,否,32011181.140000,27900259.020000,1143256.469286,0.128421,386,122,0.118721,0.061538,0.020548,0.000000,33,2,0.832044,25,41,0.122434,0.648160,0.128421,41.449154,81.721616,78.049428,29.648722,80.000000,60.148713,39.851287,0.118721,0.020548,否,,否,,中风险,信用得分=60.15，有效销项金额=32011181.14，毛利率=12.84%，有效经营月份=33，最大作废率=11.87%，最大负数率=2.05%，进销匹配差异=0.13，客户HHI=0.122，供应商HHI=0.648
E58,***油气工程建设有限责任公司,B,否,22580017.440000,6761042.890000,903200.697600,0.700574,284,1313,0.268041,0.028846,0.015464,0.007396,29,2,1.059350,22,354,0.210264,0.169353,0.700574,24.759556,72.564586,50.420366,54.528303,80.000000,52.213558,47.786442,0.268041,0.015464,否,,是,最大作废率26.80% > 25%,中风险,信用得分=52.21，有效销项金额=22580017.44，毛利率=70.06%，有效经营月份=29，最大作废率=26.80%，最大负数率=1.55%，进销匹配差异=0.70，客户HHI=0.210，供应商HHI=0.169
E59,***商贸有限公司,A,否,26718775.030000,18297329.060000,722129.054865,0.315188,2067,532,0.038157,0.030965,0.000931,0.001821,37,0,0.626135,185,76,0.025814,0.147564,0.315188,38.570052,94.081452,88.868961,63.010252,100,73.278094,26.721906,0.038157,0.001821,否,,否,,较低风险,信用得分=73.28，有效销项金额=26718775.03，毛利率=31.52%，有效经营月份=37，最大作废率=3.82%，最大负数率=0.18%，进销匹配差异=0.32，客户HHI=0.026，供应商HHI=0.148
E60,***机械租赁有限公司,B,否,7969850.180000,4712116.120000,379516.675238,0.408757,424,530,0.173489,0.014870,0.001949,0.000000,28,2,0.971130,8,128,0.249986,0.260743,0.408757,33.118688,72.289864,68.265851,40.115468,80.000000,55.827201,44.172799,0.173489,0.001949,否,,否,,中风险,信用得分=55.83，有效销项金额=7969850.18，毛利率=40.88%，有效经营月份=28，最大作废率=17.35%，最大负数率=0.19%，进销匹配差异=0.41，客户HHI=0.250，供应商HHI=0.261
E61,***调味品有限公司,B,否,16879972.560000,830339.260000,456215.474595,0.950809,1955,209,0.018574,0.014151,0.020080,0.009434,37,0,0.371041,65,44,0.142028,0.097913,0.950809,8.036686,97.624430,77.748389,49.980595,80.000000,58.967274,41.032726,0.018574,0.020080,否,,否,,中风险,信用得分=58.97，有效销项金额=16879972.56，毛利率=95.08%，有效经营月份=37，最大作废率=1.86%，最大负数率=2.01%，进销匹配差异=0.95，客户HHI=0.142，供应商HHI=0.098
E62,***工程造价咨询有限公司***分公司,B,否,9490671.890000,1176092.160000,351506.366296,0.876079,191,527,0.127854,0.005660,0.109589,0.000000,38,3,0.740744,27,148,0.147811,0.206177,0.876079,10.089655,84.989672,50.330715,47.465048,80.000000,49.596037,50.403963,0.127854,0.109589,否,,是,信用得分49.60 < 50,高风险,信用得分=49.60，有效销项金额=9490671.89，毛利率=87.61%，有效经营月份=38，最大作废率=12.79%，最大负数率=10.96%，进销匹配差异=0.88，客户HHI=0.148，供应商HHI=0.206
E63,***科技有限公司,B,否,47103971.170000,35590441.560000,2047998.746522,0.244428,625,1526,0.071322,0.029879,0.004458,0.017800,38,3,0.725480,42,293,0.188752,0.772326,0.244428,48.435907,85.201670,83.067312,35.039933,80.000000,64.924125,35.075875,0.071322,0.017800,否,,否,,中风险,信用得分=64.92，有效销项金额=47103971.17，毛利率=24.44%，有效经营月份=38，最大作废率=7.13%，最大负数率=1.78%，进销匹配差异=0.24，客户HHI=0.189，供应商HHI=0.772
E64,***图书有限责任公司,A,否,8885211.720000,86955.160000,261329.756471,0.990213,1283,32,0.066909,0.000000,0.000000,0.000000,36,3,0.744119,162,21,0.078304,0.436461,0.990213,3.361255,84.942787,73.303991,48.014567,100,55.757782,44.242218,0.066909,0.000000,否,,否,,中风险,信用得分=55.76，有效销项金额=8885211.72，毛利率=99.02%，有效经营月份=36，最大作废率=6.69%，最大负数率=0.00%，进销匹配差异=0.99，客户HHI=0.078，供应商HHI=0.436
E65,***商贸有限公司,B,否,7441474.720000,4389086.940000,206707.631111,0.410186,455,579,0.061856,0.013629,0.014433,0.000000,36,0,0.484465,58,38,0.179795,0.822993,0.410186,32.291000,96.049099,81.997005,25.465463,80.000000,60.874914,39.125086,0.061856,0.014433,否,,否,,中风险,信用得分=60.87，有效销项金额=7441474.72，毛利率=41.02%，有效经营月份=36，最大作废率=6.19%，最大负数率=1.44%，进销匹配差异=0.41，客户HHI=0.180，供应商HHI=0.823
E66,***快递有限公司,B,否,4761254.910000,5061635.190000,176342.774444,-0.063088,628,575,0.075110,0.003466,0.008837,0.001733,32,0,1.113041,151,30,0.157215,0.811633,0.063088,21.895310,81.318872,87.055009,33.314572,80.000000,58.164269,41.835731,0.075110,0.008837,否,,否,,中风险,信用得分=58.16，有效销项金额=4761254.91，毛利率=-6.31%，有效经营月份=32，最大作废率=7.51%，最大负数率=0.88%，进销匹配差异=0.06，客户HHI=0.157，供应商HHI=0.812
E67,***信息技术有限公司,B,否,5622436.240000,1225182.130000,224897.449600,0.782091,192,627,0.106977,0.030912,0.013953,0.003091,38,2,1.165605,23,195,0.127509,0.058464,0.782091,13.860556,81.588814,69.243648,54.420138,80.000000,55.977842,44.022158,0.106977,0.013953,否,,否,,中风险,信用得分=55.98，有效销项金额=5622436.24，毛利率=78.21%，有效经营月份=38，最大作废率=10.70%，最大负数率=1.40%，进销匹配差异=0.78，客户HHI=0.128，供应商HHI=0.058
E68,***花木总公司,C,否,5867409.220000,698.110000,533400.838182,0.999881,65,3,0.109589,0.000000,0.000000,0.000000,12,4,1.057443,7,2,0.475993,0.631849,0.999881,3.308371,42.091074,67.159616,15.998521,60.000000,35.234916,64.765084,0.109589,0.000000,否,,是,信用得分35.23 < 50,高风险,信用得分=35.23，有效销项金额=5867409.22，毛利率=99.99%，有效经营月份=12，最大作废率=10.96%，最大负数率=0.00%，进销匹配差异=1.00，客户HHI=0.476，供应商HHI=0.632
E69,***电子器材经营部,C,否,3639218.080000,3155.340000,191537.793684,0.999133,523,1,0.109029,0.000000,0.068143,0.000000,19,0,0.811538,18,1,0.740428,1.000000,0.999133,1.457148,66.006422,57.029654,3.014408,60.000000,34.425866,65.574134,0.109029,0.068143,否,,是,信用得分34.43 < 50,高风险,信用得分=34.43，有效销项金额=3639218.08，毛利率=99.91%，有效经营月份=19，最大作废率=10.90%，最大负数率=6.81%，进销匹配差异=1.00，客户HHI=0.740，供应商HHI=1.000
E70,***科技有限公司,B,否,9296042.260000,5338792.620000,265601.207429,0.425692,469,1787,0.188581,0.022963,0.024221,0.003280,38,1,1.073420,56,188,0.140011,0.072397,0.425692,32.933528,85.369162,62.515790,55.933851,80.000000,60.122932,39.877068,0.188581,0.024221,否,,否,,中风险,信用得分=60.12，有效销项金额=9296042.26，毛利率=42.57%，有效经营月份=38，最大作废率=18.86%，最大负数率=2.42%，进销匹配差异=0.43，客户HHI=0.140，供应商HHI=0.072
E71,***农业科技有限公司,B,否,12226712.620000,9899723.390000,719218.389412,0.190320,359,1205,0.042667,0.042891,0.002667,0.011120,35,5,1.354989,282,282,0.101052,0.405322,0.190320,35.438475,69.958492,88.996642,68.389832,80.000000,66.778444,33.221556,0.042891,0.011120,否,,否,,较低风险,信用得分=66.78，有效销项金额=12226712.62，毛利率=19.03%，有效经营月份=35，最大作废率=4.29%，最大负数率=1.11%，进销匹配差异=0.19，客户HHI=0.101，供应商HHI=0.405
E72,***图书有限公司,C,否,4359736.000000,1414547.720000,242207.555556,0.675543,176,114,0.290323,0.025641,0.000000,0.017094,32,5,0.974016,28,54,0.124613,0.723422,0.675543,19.471958,70.749773,50.613898,27.929729,60.000000,43.257364,56.742636,0.290323,0.017094,否,,是,信用得分43.26 < 50；最大作废率29.03% > 25%,高风险,信用得分=43.26，有效销项金额=4359736.00，毛利率=67.55%，有效经营月份=32，最大作废率=29.03%，最大负数率=1.71%，进销匹配差异=0.68，客户HHI=0.125，供应商HHI=0.723
E73,***商贸有限责任公司,C,否,6139907.710000,775665.110000,165943.451622,0.873668,223,600,0.055085,0.009901,0.029661,0.003300,38,0,0.535854,58,118,0.437726,0.077518,0.873668,8.733232,95.335361,72.549788,43.572393,60.000000,54.102306,45.897694,0.055085,0.029661,否,,否,,中风险,信用得分=54.10，有效销项金额=6139907.71，毛利率=87.37%，有效经营月份=38，最大作废率=5.51%，最大负数率=2.97%，进销匹配差异=0.87，客户HHI=0.438，供应商HHI=0.078
E74,***蔬菜专业合作社,B,否,3986839.750000,337049.710000,142387.133929,0.915459,512,19,0.077477,0.000000,0.025225,0.000000,29,0,0.450828,19,8,0.143873,0.393383,0.915459,5.892925,86.016272,69.348829,35.319837,80.000000,51.077660,48.922340,0.077477,0.025225,否,,否,,中风险,信用得分=51.08，有效销项金额=3986839.75，毛利率=91.55%，有效经营月份=29，最大作废率=7.75%，最大负数率=2.52%，进销匹配差异=0.92，客户HHI=0.144，供应商HHI=0.393
E75,***酒店管理有限公司,C,否,6451154.440000,2556437.910000,174355.525405,0.603724,8064,538,0.068284,0.025362,0.001386,0.003623,37,0,0.400435,7484,53,0.007297,0.173776,0.603724,23.559220,97.216187,79.331560,71.953506,60.000000,65.556634,34.443366,0.068284,0.003623,否,,否,,较低风险,信用得分=65.56，有效销项金额=6451154.44，毛利率=60.37%，有效经营月份=37，最大作废率=6.83%，最大负数率=0.36%，进销匹配差异=0.60，客户HHI=0.007，供应商HHI=0.174
E76,***信息科技有限公司,B,否,4030841.100000,866521.200000,111967.808333,0.785027,223,346,0.089796,0.011429,0.004082,0.005714,37,1,1.116583,73,102,0.098501,0.133378,0.785027,12.891206,84.769676,72.833453,53.212272,80.000000,57.027554,42.972446,0.089796,0.005714,否,,否,,中风险,信用得分=57.03，有效销项金额=4030841.10，毛利率=78.50%，有效经营月份=37，最大作废率=8.98%，最大负数率=0.57%，进销匹配差异=0.79，客户HHI=0.099，供应商HHI=0.133
E77,***机电设备有限公司,C,否,4358879.230000,749461.610000,290591.948667,0.828061,252,53,0.023256,0.018519,0.023256,0.000000,25,6,1.010171,2,16,0.986898,0.925959,0.828061,11.352500,57.247627,78.764748,0.394144,60.000000,40.057666,59.942334,0.023256,0.023256,否,,是,信用得分40.06 < 50,高风险,信用得分=40.06，有效销项金额=4358879.23，毛利率=82.81%，有效经营月份=25，最大作废率=2.33%，最大负数率=2.33%，进销匹配差异=0.83，客户HHI=0.987，供应商HHI=0.926
E78,个体经营E78,C,否,9248973.770000,3219546.280000,289030.430313,0.651902,248,52,0.074627,0.000000,0.000000,0.000000,32,0,0.669440,37,16,0.232140,0.394158,0.651902,22.007339,87.479997,78.143948,34.229063,60.000000,55.379634,44.620366,0.074627,0.000000,否,,否,,中风险,信用得分=55.38，有效销项金额=9248973.77，毛利率=65.19%，有效经营月份=32，最大作废率=7.46%，最大负数率=0.00%，进销匹配差异=0.65，客户HHI=0.232，供应商HHI=0.394
E79,***鞋业有限公司,B,否,3289875.520000,2920288.880000,137078.146667,0.112341,74,152,0.139535,0.012987,0.000000,0.000000,38,3,0.688334,15,46,0.238177,0.525830,0.112341,31.109659,85.717580,78.499156,29.260189,80.000000,58.397758,41.602242,0.139535,0.000000,否,,否,,中风险,信用得分=58.40，有效销项金额=3289875.52，毛利率=11.23%，有效经营月份=38，最大作废率=13.95%，最大负数率=0.00%，进销匹配差异=0.11，客户HHI=0.238，供应商HHI=0.526
E80,***实业有限责任公司,C,否,3614042.030000,2463271.350000,451755.253750,0.318417,47,390,0.020833,0.012658,0.000000,0.000000,34,16,0.906740,38,105,0.064326,0.400926,0.318417,32.479509,57.184170,91.511044,43.050358,60.000000,57.044544,42.955456,0.020833,0.000000,否,,否,,中风险,信用得分=57.04，有效销项金额=3614042.03，毛利率=31.84%，有效经营月份=34，最大作废率=2.08%，最大负数率=0.00%，进销匹配差异=0.32，客户HHI=0.064，供应商HHI=0.401
E81,***机械设备有限公司,A,否,3380651.070000,1961457.460000,91368.947838,0.419799,609,205,0.061633,0.028436,0.004622,0.014218,37,0,0.460123,119,68,0.047309,0.468397,0.419799,30.940355,96.387174,81.892158,46.431348,100,66.771832,33.228168,0.061633,0.014218,否,,否,,较低风险,信用得分=66.77，有效销项金额=3380651.07，毛利率=41.98%，有效经营月份=37，最大作废率=6.16%，最大负数率=1.42%，进销匹配差异=0.42，客户HHI=0.047，供应商HHI=0.468
E82,***商贸有限公司,D,是,2932292.090000,1475772.190000,112780.465000,0.496717,335,311,0.023324,0.012698,0.005831,0.009524,35,2,0.967919,8,68,0.954516,0.067256,0.496717,28.384091,82.834459,86.613572,26.275202,0,50.571348,49.428652,0.023324,0.009524,是,信誉评级D,否,,中风险,信用得分=50.57，有效销项金额=2932292.09，毛利率=49.67%，有效经营月份=35，最大作废率=2.33%，最大负数率=0.95%，进销匹配差异=0.50，客户HHI=0.955，供应商HHI=0.067
E83,***社会福利院（***社会福利社会化服务中心）,B,否,3379729.200000,34882942.090000,146944.747826,-9.321224,649,2699,0.080737,0.066090,0.004249,0.019031,37,4,1.378912,160,259,0.034922,0.051042,9.321224,1.169764,73.626227,50.842213,71.170087,80.000000,49.962257,50.037743,0.080737,0.019031,是,进销匹配差异9.32 > 4,否,,高风险,信用得分=49.96，有效销项金额=3379729.20，毛利率=-932.12%，有效经营月份=37，最大作废率=8.07%，最大负数率=1.90%，进销匹配差异=9.32，客户HHI=0.035，供应商HHI=0.051
E84,***建材有限公司,A,否,4830825.650000,1434513.700000,150963.301562,0.703050,445,53,0.106426,0.018519,0.012048,0.000000,33,2,0.742558,35,19,0.084389,0.124733,0.703050,17.696002,82.964471,70.989798,47.560595,100,58.276463,41.723537,0.106426,0.012048,否,,否,,中风险,信用得分=58.28，有效销项金额=4830825.65，毛利率=70.30%，有效经营月份=33，最大作废率=10.64%，最大负数率=1.20%，进销匹配差异=0.70，客户HHI=0.084，供应商HHI=0.125
E85,***安防科技有限公司,B,否,2659492.250000,408409.150000,71878.168919,0.846433,247,228,0.156997,0.004367,0.000000,0.004367,37,0,1.294619,23,38,0.141747,0.150980,0.846433,9.080953,84.796956,62.552871,44.684178,80.000000,51.804683,48.195317,0.156997,0.004367,否,,否,,中风险,信用得分=51.80，有效销项金额=2659492.25，毛利率=84.64%，有效经营月份=37，最大作废率=15.70%，最大负数率=0.44%，进销匹配差异=0.85，客户HHI=0.142，供应商HHI=0.151
E86,***地质工程勘察院***分院,C,否,2164127.330000,1731730.930000,166471.333077,0.199802,19,137,0.136364,0.007246,0.272727,0.007246,29,6,1.014802,7,36,0.231583,0.422394,0.199802,30.988768,63.183307,47.412561,31.743989,60.000000,44.585791,55.414209,0.136364,0.272727,否,,是,信用得分44.59 < 50；最大负数率27.27% > 15%,高风险,信用得分=44.59，有效销项金额=2164127.33，毛利率=19.98%，有效经营月份=29，最大作废率=13.64%，最大负数率=27.27%，进销匹配差异=0.20，客户HHI=0.232，供应商HHI=0.422
E87,***实业有限责任公司,C,是,3917377.750000,1548937.440000,178062.625000,0.604598,71,371,0.040541,0.021108,0.000000,0.000000,31,2,1.179172,13,82,0.337721,0.078413,0.604598,22.981420,73.900387,83.743852,41.697695,35.000000,53.300934,46.699066,0.040541,0.000000,否,,是,历史违约记录,高风险,信用得分=53.30，有效销项金额=3917377.75，毛利率=60.46%，有效经营月份=31，最大作废率=4.05%，最大负数率=0.00%，进销匹配差异=0.60，客户HHI=0.338，供应商HHI=0.078
E88,***贸易有限公司,A,否,2525652.870000,648069.060000,72161.510571,0.743405,364,214,0.090000,0.000000,0.010000,0.000000,37,1,0.872188,86,26,0.044327,0.416443,0.743405,14.673027,88.164050,72.890407,43.860402,100,58.295749,41.704251,0.090000,0.010000,否,,否,,中风险,信用得分=58.30，有效销项金额=2525652.87，毛利率=74.34%，有效经营月份=37，最大作废率=9.00%，最大负数率=1.00%，进销匹配差异=0.74，客户HHI=0.044，供应商HHI=0.416
E89,***物资有限公司,A,否,1863249.860000,2587686.130000,81010.863478,-0.388803,165,63,0.040698,0.030769,0.000000,0.000000,29,4,1.074134,24,12,0.094929,0.977535,0.388803,0.570926,67.359246,87.498281,24.417208,100,50.372593,49.627407,0.040698,0.000000,否,,否,,中风险,信用得分=50.37，有效销项金额=1863249.86，毛利率=-38.88%，有效经营月份=29，最大作废率=4.07%，最大负数率=0.00%，进销匹配差异=0.39，客户HHI=0.095，供应商HHI=0.978
E90,***文化传媒有限责任公司,C,否,3249122.070000,731124.940000,101535.064688,0.774978,187,135,0.283525,0.028777,0.022989,0.000000,32,1,1.348077,49,35,0.323862,0.121263,0.774978,13.227986,75.554485,47.989614,41.760970,60.000000,44.767491,55.232509,0.283525,0.022989,否,,是,信用得分44.77 < 50；最大作废率28.35% > 25%,高风险,信用得分=44.77，有效销项金额=3249122.07，毛利率=77.50%，有效经营月份=32，最大作废率=28.35%，最大负数率=2.30%，进销匹配差异=0.77，客户HHI=0.324，供应商HHI=0.121
E91,***科技实业有限公司,A,否,2335401.360000,1300367.170000,63118.955676,0.443193,123,168,0.046512,0.050847,0.007752,0.005650,37,0,0.301957,73,35,0.036286,0.176278,0.443193,30.598642,98.583931,83.962683,51.136692,100,68.584456,31.415544,0.050847,0.007752,否,,否,,较低风险,信用得分=68.58，有效销项金额=2335401.36，毛利率=44.32%，有效经营月份=37，最大作废率=5.08%，最大负数率=0.78%，进销匹配差异=0.44，客户HHI=0.036，供应商HHI=0.176
E92,***地质灾害防治有限公司,C,否,2209553.360000,148695.850000,184129.446667,0.932703,36,212,0.076923,0.004695,0.051282,0.000000,33,6,1.110424,13,89,0.368114,0.059461,0.932703,4.742234,67.855222,65.216155,41.612537,60.000000,45.383149,54.616851,0.076923,0.051282,否,,是,信用得分45.38 < 50,高风险,信用得分=45.38，有效销项金额=2209553.36，毛利率=93.27%，有效经营月份=33，最大作废率=7.69%，最大负数率=5.13%，进销匹配差异=0.93，客户HHI=0.368，供应商HHI=0.059
E93,***电脑设计事务所,B,否,1476055.340000,285803.230000,42173.009714,0.806374,141,208,0.047297,0.023474,0.033784,0.004695,37,1,1.136959,28,65,0.114807,0.169130,0.806374,10.888561,84.486685,74.199272,46.452202,80.000000,55.459736,44.540264,0.047297,0.033784,否,,否,,中风险,信用得分=55.46，有效销项金额=1476055.34，毛利率=80.64%，有效经营月份=37，最大作废率=4.73%，最大负数率=3.38%，进销匹配差异=0.81，客户HHI=0.115，供应商HHI=0.169
E94,***汽车美容有限公司,C,否,1053200.080000,14049.870000,43883.336667,0.986660,178,4,0.091837,0.000000,0.045918,0.000000,26,4,1.473067,56,4,0.139766,0.885249,0.986660,0.970811,57.318508,62.988555,25.309316,60.000000,38.515406,61.484594,0.091837,0.045918,否,,是,信用得分38.52 < 50,高风险,信用得分=38.52，有效销项金额=1053200.08，毛利率=98.67%，有效经营月份=26，最大作废率=9.18%，最大负数率=4.59%，进销匹配差异=0.99，客户HHI=0.140，供应商HHI=0.885
E95,***兰花店,B,否,2310757.260000,1073.580000,66021.636000,0.999535,864,4,0.053669,0.000000,0.000000,0.000000,35,2,0.761207,485,1,0.034141,1.000000,0.999535,0.630671,85.705464,74.994439,49.546778,80.000000,53.956726,46.043274,0.053669,0.000000,否,,否,,中风险,信用得分=53.96，有效销项金额=2310757.26，毛利率=99.95%，有效经营月份=35，最大作废率=5.37%，最大负数率=0.00%，进销匹配差异=1.00，客户HHI=0.034，供应商HHI=1.000
E96,***土地整理有限公司,C,否,1438203.890000,2319001.370000,359550.972500,-0.612429,18,11,0.100000,0.000000,0.000000,0.000000,10,12,0.837150,3,6,0.746954,0.993016,0.612429,1.630203,22.150692,75.282496,1.700202,60.000000,29.998354,70.001646,0.100000,0.000000,否,,是,信用得分30.00 < 50,高风险,信用得分=30.00，有效销项金额=1438203.89，毛利率=-61.24%，有效经营月份=10，最大作废率=10.00%，最大负数率=0.00%，进销匹配差异=0.61，客户HHI=0.747，供应商HHI=0.993
E97,***美工装饰部,B,否,971400.820000,18754.700000,51126.358947,0.980693,255,9,0.034091,0.000000,0.015152,0.000000,20,0,0.749555,63,2,0.111519,0.972228,0.980693,1.308583,68.367293,75.792416,26.775219,80.000000,46.303752,53.696248,0.034091,0.015152,否,,是,信用得分46.30 < 50,高风险,信用得分=46.30，有效销项金额=971400.82，毛利率=98.07%，有效经营月份=20，最大作废率=3.41%，最大负数率=1.52%，进销匹配差异=0.98，客户HHI=0.112，供应商HHI=0.972
E98,***文化传播有限公司,B,否,1403241.570000,199319.010000,45265.857097,0.857958,133,50,0.130719,0.019608,0.039216,0.019608,33,2,1.223243,25,27,0.167433,0.271233,0.857958,8.071963,76.288296,60.802726,39.724390,80.000000,48.421210,51.578790,0.130719,0.039216,否,,是,信用得分48.42 < 50,高风险,信用得分=48.42，有效销项金额=1403241.57，毛利率=85.80%，有效经营月份=33，最大作废率=13.07%，最大负数率=3.92%，进销匹配差异=0.86，客户HHI=0.167，供应商HHI=0.271
E99,***建筑工程有限责任公司,D,是,1181250.290000,4132374.590000,295312.572500,-2.498306,5,871,0.375000,0.010227,0.000000,0.012500,25,9,0.273532,2,81,0.616702,0.240833,2.498306,1.309494,59.978727,28.125000,26.805342,0,24.715437,75.284563,0.375000,0.012500,是,信誉评级D,否,,高风险,信用得分=24.72，有效销项金额=1181250.29，毛利率=-249.83%，有效经营月份=25，最大作废率=37.50%，最大负数率=1.25%，进销匹配差异=2.50，客户HHI=0.617，供应商HHI=0.241
E100,***装饰工程有限公司,D,是,671348.730000,21068.800000,23149.956207,0.968617,98,58,0.010101,0.000000,0.151515,0.000000,34,3,1.700588,13,21,0.170436,0.118000,0.968617,1.792807,68.658501,58.907785,43.337234,0,37.574295,62.425705,0.010101,0.151515,是,信誉评级D,否,,高风险,信用得分=37.57，有效销项金额=671348.73，毛利率=96.86%，有效经营月份=34，最大作废率=1.01%，最大负数率=15.15%，进销匹配差异=0.97，客户HHI=0.170，供应商HHI=0.118
E101,***灯饰工程有限公司,D,是,340545.580000,45901.770000,85136.395000,0.865211,32,16,0.492063,0.000000,0.000000,0.000000,14,4,0.546936,2,6,0.615331,0.608973,0.865211,7.612317,52.181447,49.858806,12.041541,0,27.212378,72.787622,0.492063,0.000000,是,信誉评级D；最大作废率49.21% > 40%,否,,高风险,信用得分=27.21，有效销项金额=340545.58，毛利率=86.52%，有效经营月份=14，最大作废率=49.21%，最大负数率=0.00%，进销匹配差异=0.87，客户HHI=0.615，供应商HHI=0.609
E102,***大药房有限责任公司,D,是,380552.120000,3177083.500000,17297.823636,-7.348616,151,710,0.146893,0.027397,0.016949,0.009589,38,3,0.916175,100,70,0.317660,0.156848,7.348616,0.018422,82.553121,41.892655,46.310761,0,36.250546,63.749454,0.146893,0.016949,是,信誉评级D；进销匹配差异7.35 > 4,否,,高风险,信用得分=36.25，有效销项金额=380552.12，毛利率=-734.86%，有效经营月份=38，最大作废率=14.69%，最大负数率=1.69%，进销匹配差异=7.35，客户HHI=0.318，供应商HHI=0.157
E103,***科技有限公司,D,是,1702417.640000,682695.480000,106401.102500,0.598985,54,169,0.156250,0.017442,0.031250,0.000000,28,2,1.949695,19,65,0.272641,0.118090,0.598985,22.514764,58.698678,62.955267,42.308596,0,41.568963,58.431037,0.156250,0.031250,是,信誉评级D,否,,高风险,信用得分=41.57，有效销项金额=1702417.64，毛利率=59.90%，有效经营月份=28，最大作废率=15.62%，最大负数率=3.12%，进销匹配差异=0.60，客户HHI=0.273，供应商HHI=0.118
E104,***管理咨询有限责任公司,C,否,262650.510000,264.150000,26265.051000,0.998994,19,1,0.095238,0.000000,0.047619,0.000000,10,2,0.634461,10,1,0.271923,1.000000,0.998994,0.062018,49.965823,62.041409,17.389981,60.000000,34.997018,65.002982,0.095238,0.047619,否,,是,信用得分35.00 < 50,高风险,信用得分=35.00，有效销项金额=262650.51，毛利率=99.90%，有效经营月份=10，最大作废率=9.52%，最大负数率=4.76%，进销匹配差异=1.00，客户HHI=0.272，供应商HHI=1.000
E105,***建材经营部,C,否,924819.370000,7436.920000,40209.537826,0.991959,121,6,0.008197,0.000000,0.032787,0.000000,23,4,0.665098,101,4,0.026440,0.613774,0.991959,0.638978,64.040310,76.575152,38.513818,60.000000,45.814358,54.185642,0.008197,0.032787,否,,是,信用得分45.81 < 50,高风险,信用得分=45.81，有效销项金额=924819.37，毛利率=99.20%，有效经营月份=23，最大作废率=0.82%，最大负数率=3.28%，进销匹配差异=0.99，客户HHI=0.026，供应商HHI=0.614
E106,***财务管理有限公司,B,否,586048.860000,50335.270000,18904.801935,0.914111,138,35,0.098039,0.027778,0.026144,0.000000,32,1,0.847886,103,19,0.056633,0.328719,0.914111,4.747522,82.501582,66.356002,47.357407,80.000000,51.747679,48.252321,0.098039,0.026144,否,,否,,中风险,信用得分=51.75，有效销项金额=586048.86，毛利率=91.41%，有效经营月份=32，最大作废率=9.80%，最大负数率=2.61%，进销匹配差异=0.91，客户HHI=0.057，供应商HHI=0.329
E107,***科技有限公司,D,是,786792.390000,104637.380000,78679.239000,0.867008,34,9,0.370370,0.000000,0.000000,0.000000,16,3,2.069271,3,7,0.566275,0.682195,0.867008,7.583705,37.500000,49.827366,11.299145,0,24.112597,75.887403,0.370370,0.000000,是,信誉评级D,否,,高风险,信用得分=24.11，有效销项金额=786792.39，毛利率=86.70%，有效经营月份=16，最大作废率=37.04%，最大负数率=0.00%，进销匹配差异=0.87，客户HHI=0.566，供应商HHI=0.682
E108,***商贸有限公司,D,是,191471.110000,99297.000000,47867.777500,0.481400,33,218,0.000000,0.000000,0.030303,0.018349,25,6,0.477832,19,70,0.220041,0.076069,0.481400,28.383707,64.641221,87.030053,45.542436,0,50.890171,49.109829,0.000000,0.030303,是,信誉评级D；有效销项金额191471.11 <= 5%分位197251.46,否,,中风险,信用得分=50.89，有效销项金额=191471.11，毛利率=48.14%，有效经营月份=25，最大作废率=0.00%，最大负数率=3.03%，进销匹配差异=0.48，客户HHI=0.220，供应商HHI=0.076
E109,***服饰有限公司,D,是,442766.770000,3257.440000,36897.230833,0.992643,23,10,0.303030,0.000000,0.000000,0.000000,15,4,1.224882,17,7,0.153603,0.179408,0.992643,0.484192,44.265525,47.628748,41.665771,0,29.214494,70.785506,0.303030,0.000000,是,信誉评级D,否,,高风险,信用得分=29.21，有效销项金额=442766.77，毛利率=99.26%，有效经营月份=15，最大作废率=30.30%，最大负数率=0.00%，进销匹配差异=0.99，客户HHI=0.154，供应商HHI=0.179
E110,***通讯器材经营部,C,否,196919.860000,963.390000,9377.136190,0.995108,62,3,0.253012,0.000000,0.000000,0.000000,21,2,1.021715,34,1,0.154412,1.000000,0.995108,0.266852,61.087296,47.585615,23.078222,60.000000,34.796220,65.203780,0.253012,0.000000,是,有效销项金额196919.86 <= 5%分位197251.46,否,,高风险,信用得分=34.80，有效销项金额=196919.86，毛利率=99.51%，有效经营月份=21，最大作废率=25.30%，最大负数率=0.00%，进销匹配差异=1.00，客户HHI=0.154，供应商HHI=1.000
E111,***科技有限公司,D,是,722954.010000,489491.990000,24098.467000,0.322928,204,264,0.184000,0.050360,0.112000,0.014388,31,0,1.001609,9,95,0.390188,0.153346,0.322928,30.092127,81.366540,51.788762,37.816874,0,44.306905,55.693095,0.184000,0.112000,是,信誉评级D,否,,高风险,信用得分=44.31，有效销项金额=722954.01，毛利率=32.29%，有效经营月份=31，最大作废率=18.40%，最大负数率=11.20%，进销匹配差异=0.32，客户HHI=0.390，供应商HHI=0.153
E112,***机械设备有限公司,D,是,936281.430000,790709.840000,93628.143000,0.155478,16,102,0.272727,0.037736,0.045455,0.018868,27,3,0.588327,2,25,0.992386,0.308753,0.155478,30.423515,73.606572,55.460945,16.501206,0,39.492671,60.507329,0.272727,0.045455,是,信誉评级D,否,,高风险,信用得分=39.49，有效销项金额=936281.43，毛利率=15.55%，有效经营月份=27，最大作废率=27.27%，最大负数率=4.55%，进销匹配差异=0.16，客户HHI=0.992，供应商HHI=0.309
E113,***美居科技有限公司,D,是,283580.550000,1289936.460000,70895.137500,-3.548748,31,102,0.340426,0.019231,0.000000,0.000000,22,7,0.684025,3,35,0.453171,0.502724,3.548748,0.191547,54.777434,30.000000,21.802697,0,22.863913,77.136087,0.340426,0.000000,是,信誉评级D,否,,高风险,信用得分=22.86，有效销项金额=283580.55，毛利率=-354.87%，有效经营月份=22，最大作废率=34.04%，最大负数率=0.00%，进销匹配差异=3.55，客户HHI=0.453，供应商HHI=0.503
E114,***食品有限责任公司,D,是,219628.780000,566540.050000,9151.199167,-1.579535,66,69,0.120000,0.092105,0.013333,0.000000,34,3,0.909133,23,20,0.080459,0.180330,1.579535,0.000000,79.650924,53.558143,44.983885,0,38.316498,61.683502,0.120000,0.013333,是,信誉评级D,否,,高风险,信用得分=38.32，有效销项金额=219628.78，毛利率=-157.95%，有效经营月份=34，最大作废率=12.00%，最大负数率=1.33%，进销匹配差异=1.58，客户HHI=0.080，供应商HHI=0.180
E115,***装饰工程有限公司,D,是,55533.980000,528.300000,18511.326667,0.990487,4,2,0.333333,0.000000,0.000000,0.000000,5,11,0.592159,3,2,0.450218,0.500000,0.990487,0.518896,22.053342,47.666479,20.826359,0,20.622284,79.377716,0.333333,0.000000,是,信誉评级D；有效销项金额55533.98 <= 5%分位197251.46；有效经营月份数5 < 6,否,,高风险,信用得分=20.62，有效销项金额=55533.98，毛利率=99.05%，有效经营月份=5，最大作废率=33.33%，最大负数率=0.00%，进销匹配差异=0.99，客户HHI=0.450，供应商HHI=0.500
E116,***门窗有限公司,D,是,231427.540000,2605.870000,15428.502667,0.988740,43,10,0.085106,0.000000,0.000000,0.000000,19,4,0.896871,25,8,0.089639,0.149939,0.988740,0.614181,54.821243,70.782156,45.341250,0,37.881583,62.118417,0.085106,0.000000,是,信誉评级D,否,,高风险,信用得分=37.88，有效销项金额=231427.54，毛利率=98.87%，有效经营月份=19，最大作废率=8.51%，最大负数率=0.00%，进销匹配差异=0.99，客户HHI=0.090，供应商HHI=0.150
E117,***人力资源管理咨询有限公司,D,是,523351.310000,6708.790000,52335.131000,0.987181,26,4,0.409091,0.000000,0.000000,0.000000,12,3,0.847526,1,3,1.000000,0.578632,0.987181,0.863241,47.506579,47.724331,7.095131,0,23.067235,76.932765,0.409091,0.000000,是,信誉评级D；最大作废率40.91% > 40%,否,,高风险,信用得分=23.07，有效销项金额=523351.31，毛利率=98.72%，有效经营月份=12，最大作废率=40.91%，最大负数率=0.00%，进销匹配差异=0.99，客户HHI=1.000，供应商HHI=0.579
E118,***体育用品有限公司,D,是,272744.780000,62209.690000,9091.492667,0.771912,136,27,0.055556,0.068966,0.006944,0.000000,35,2,1.456938,117,9,0.104186,0.340657,0.771912,12.441139,76.042530,75.794693,46.169544,0,46.501373,53.498627,0.068966,0.006944,是,信誉评级D,否,,高风险,信用得分=46.50，有效销项金额=272744.78，毛利率=77.19%，有效经营月份=35，最大作废率=6.90%，最大负数率=0.69%，进销匹配差异=0.77，客户HHI=0.104，供应商HHI=0.341
E119,***药房,D,是,35671.860000,219738.720000,3963.540000,-5.160002,18,314,0.142857,0.003175,0.000000,0.003175,31,9,0.604687,14,17,0.096674,0.162470,5.160002,0.000000,64.379348,44.523810,44.195274,0,32.845877,67.154123,0.142857,0.003175,是,信誉评级D；有效销项金额35671.86 <= 5%分位197251.46；进销匹配差异5.16 > 4,否,,高风险,信用得分=32.85，有效销项金额=35671.86，毛利率=-516.00%，有效经营月份=31，最大作废率=14.29%，最大负数率=0.32%，进销匹配差异=5.16，客户HHI=0.097，供应商HHI=0.162
E120,***陈列广告有限公司,D,是,190673.210000,18115.560000,31778.868333,0.904992,9,35,0.689655,0.027778,0.000000,0.000000,15,9,0.912698,6,16,0.305421,0.347709,0.904992,5.212218,36.101419,49.162647,30.886682,0,26.991337,73.008663,0.689655,0.000000,是,信誉评级D；有效销项金额190673.21 <= 5%分位197251.46；最大作废率68.97% > 40%,否,,高风险,信用得分=26.99，有效销项金额=190673.21，毛利率=90.50%，有效经营月份=15，最大作废率=68.97%，最大负数率=0.00%，进销匹配差异=0.90，客户HHI=0.305，供应商HHI=0.348
E121,***药业连锁有限公司***药店,D,是,101462.020000,1073486.180000,4227.584167,-9.580177,163,50,0.123656,0.000000,0.000000,0.020000,26,0,0.792403,116,11,0.042771,0.961957,9.580177,0.000000,76.772176,44.688172,33.415819,0,33.209642,66.790358,0.123656,0.020000,是,信誉评级D；有效销项金额101462.02 <= 5%分位197251.46；进销匹配差异9.58 > 4,否,,高风险,信用得分=33.21，有效销项金额=101462.02，毛利率=-958.02%，有效经营月份=26，最大作废率=12.37%，最大负数率=2.00%，进销匹配差异=9.58，客户HHI=0.043，供应商HHI=0.962
E122,***商贸有限责任公司,D,是,58921.820000,50672.110000,2266.223846,0.140011,102,47,0.135593,0.020833,0.067797,0.020833,30,2,1.147329,69,22,0.069750,0.276821,0.140011,30.000000,72.842654,68.397263,45.998451,0,48.367537,51.632463,0.135593,0.067797,是,信誉评级D；有效销项金额58921.82 <= 5%分位197251.46,否,,高风险,信用得分=48.37，有效销项金额=58921.82，毛利率=14.00%，有效经营月份=30，最大作废率=13.56%，最大负数率=6.78%，进销匹配差异=0.14，客户HHI=0.070，供应商HHI=0.277
E123,***创科技有限责任公司,D,是,200235.850000,792.450000,14302.560714,0.996042,33,3,0.492308,0.000000,0.000000,0.000000,15,5,2.025326,5,2,0.414870,0.555556,0.996042,0.215868,31.000000,47.569258,20.242734,0,22.194828,77.805172,0.492308,0.000000,是,信誉评级D；最大作废率49.23% > 40%,否,,高风险,信用得分=22.19，有效销项金额=200235.85，毛利率=99.60%，有效经营月份=15，最大作废率=49.23%，最大负数率=0.00%，进销匹配差异=1.00，客户HHI=0.415，供应商HHI=0.556
