企业代号,企业名称,估计信用等级,信用得分,风险等级,分级依据指标,是否一票否决,一票否决原因,是否高风险池,高风险池原因,是否放贷,初始建议额度_万元,额度上限_万元,最终贷款额度_万元,建议贷款年利率,客户流失率
E124,个体经营E124 ,类A,80.756869,低风险,信用得分=80.76，有效销项金额=741780367.83，毛利率=-5.90%，有效经营月份=25，最大作废率=15.00%，最大负数率=3.25%，进销匹配差异=0.06，客户HHI=0.073，供应商HHI=0.031,否,,否,,放贷,82.681182,100.000000,82.681182,0.046500,0.135727
E125,个体经营E125 ,类A,86.169690,低风险,信用得分=86.17，有效销项金额=941211364.49，毛利率=0.94%，有效经营月份=36，最大作废率=13.48%，最大负数率=2.70%，进销匹配差异=0.01，客户HHI=0.059，供应商HHI=0.017,否,,否,,放贷,87.552721,100.000000,87.552721,0.046500,0.135727
E126,个体经营E126 ,类A,73.909527,较低风险,信用得分=73.91，有效销项金额=520691097.82，毛利率=78.34%，有效经营月份=36，最大作废率=16.62%，最大负数率=2.11%，进销匹配差异=0.78，客户HHI=0.063，供应商HHI=0.294,否,,否,,放贷,76.518574,80.000000,76.518574,0.074500,0.511097
E127,个体经营E127 ,类A,76.077508,较低风险,信用得分=76.08，有效销项金额=651937954.53，毛利率=99.75%，有效经营月份=36，最大作废率=3.03%，最大负数率=0.14%，进销匹配差异=1.00，客户HHI=0.134，供应商HHI=0.063,否,,否,,放贷,78.469757,80.000000,78.469757,0.074500,0.511097
E128,个体经营E128 ,类B,68.598418,较低风险,信用得分=68.60，有效销项金额=242390151.79，毛利率=96.32%，有效经营月份=36，最大作废率=7.49%，最大负数率=0.50%，进销匹配差异=0.96，客户HHI=0.952，供应商HHI=0.026,否,,否,,放贷,71.738576,80.000000,71.738576,0.070500,0.458295
E129,个体经营E129 ,类A,85.802441,低风险,信用得分=85.80，有效销项金额=324806032.62，毛利率=76.56%，有效经营月份=36，最大作废率=10.93%，最大负数率=1.50%，进销匹配差异=0.77，客户HHI=0.011，供应商HHI=0.041,否,,否,,放贷,87.222197,100.000000,87.222197,0.046500,0.135727
E130,个体经营E130 ,类B,68.353692,较低风险,信用得分=68.35，有效销项金额=110036672.88，毛利率=34.16%，有效经营月份=31，最大作废率=4.41%，最大负数率=1.52%，进销匹配差异=0.34，客户HHI=0.764，供应商HHI=0.046,否,,否,,放贷,71.518323,80.000000,71.518323,0.070500,0.458295
E131,个体经营E131 ,类A,92.230228,低风险,信用得分=92.23，有效销项金额=209084031.79，毛利率=46.74%，有效经营月份=36，最大作废率=7.77%，最大负数率=1.84%，进销匹配差异=0.47，客户HHI=0.010，供应商HHI=0.064,否,,否,,放贷,93.007205,100.000000,93.007205,0.046500,0.135727
E132,个体经营E132 ,类A,83.713538,低风险,信用得分=83.71，有效销项金额=203358261.85，毛利率=68.50%，有效经营月份=34，最大作废率=7.73%，最大负数率=0.44%，进销匹配差异=0.68，客户HHI=0.026，供应商HHI=0.077,否,,否,,放贷,85.342185,100.000000,85.342185,0.046500,0.135727
E133,个体经营E133 ,类B,62.489146,中风险,信用得分=62.49，有效销项金额=113655014.38，毛利率=65.59%，有效经营月份=35，最大作废率=17.65%，最大负数率=1.76%，进销匹配差异=0.66，客户HHI=0.456，供应商HHI=0.073,否,,否,,放贷,50,50.000000,50,0.106500,0.705316
E134,***工程咨询有限公司,类A,74.225712,较低风险,信用得分=74.23，有效销项金额=122815469.98，毛利率=96.80%，有效经营月份=37，最大作废率=7.65%，最大负数率=1.89%，进销匹配差异=0.97，客户HHI=0.008，供应商HHI=0.110,否,,否,,放贷,76.803140,80.000000,76.803140,0.074500,0.511097
E135,***建设工程有限公司,类B,68.135745,较低风险,信用得分=68.14，有效销项金额=135537558.52，毛利率=81.88%，有效经营月份=37，最大作废率=11.14%，最大负数率=3.39%，进销匹配差异=0.82，客户HHI=0.092，供应商HHI=0.051,否,,否,,放贷,71.322170,80.000000,71.322170,0.070500,0.458295
E136,***机械有限责任公司,类B,64.290576,中风险,信用得分=64.29，有效销项金额=116652185.36，毛利率=1.83%，有效经营月份=29，最大作废率=5.24%，最大负数率=0.30%，进销匹配差异=0.02，客户HHI=0.640，供应商HHI=0.999,否,,否,,放贷,50,50.000000,50,0.106500,0.705316
E137,***建设工程有限公司,类A,79.920546,较低风险,信用得分=79.92，有效销项金额=143264372.92，毛利率=27.92%，有效经营月份=37，最大作废率=9.06%，最大负数率=2.36%，进销匹配差异=0.28，客户HHI=0.137，供应商HHI=0.038,否,,否,,放贷,80,80.000000,80,0.074500,0.511097
E138,个体经营E138 ,类B,67.337497,较低风险,信用得分=67.34，有效销项金额=107831741.03，毛利率=80.72%，有效经营月份=36，最大作废率=3.55%，最大负数率=4.81%，进销匹配差异=0.81，客户HHI=0.043，供应商HHI=0.174,否,,否,,放贷,70.603748,80.000000,70.603748,0.070500,0.458295
E139,个体经营E139 ,类A,75.102174,较低风险,信用得分=75.10，有效销项金额=187713527.39，毛利率=99.36%，有效经营月份=36，最大作废率=4.78%，最大负数率=0.42%，进销匹配差异=0.99，客户HHI=0.097，供应商HHI=0.077,否,,否,,放贷,77.591956,80.000000,77.591956,0.074500,0.511097
E140,***建筑工程有限公司,类B,69.436051,较低风险,信用得分=69.44，有效销项金额=182429033.05，毛利率=96.20%，有效经营月份=37，最大作废率=14.08%，最大负数率=2.60%，进销匹配差异=0.96，客户HHI=0.135，供应商HHI=0.118,否,,否,,放贷,72.492446,80.000000,72.492446,0.070500,0.458295
E141,***食品有限公司,类A,79.834524,较低风险,信用得分=79.83，有效销项金额=159374968.20，毛利率=75.42%，有效经营月份=36，最大作废率=5.95%，最大负数率=3.04%，进销匹配差异=0.75，客户HHI=0.016，供应商HHI=0.057,否,,否,,放贷,80,80.000000,80,0.074500,0.511097
E142,***运业有限公司,类B,69.369218,较低风险,信用得分=69.37，有效销项金额=97267679.64，毛利率=49.29%，有效经营月份=37，最大作废率=7.45%，最大负数率=1.51%，进销匹配差异=0.49，客户HHI=0.301，供应商HHI=0.235,否,,否,,放贷,72.432296,80.000000,72.432296,0.070500,0.458295
E143,***电子科技有限公司,类B,69.858474,较低风险,信用得分=69.86，有效销项金额=90439864.44，毛利率=63.83%，有效经营月份=38，最大作废率=4.43%，最大负数率=1.83%，进销匹配差异=0.64，客户HHI=0.386，供应商HHI=0.080,否,,否,,放贷,72.872627,80.000000,72.872627,0.070500,0.458295
E144,***劳务有限公司,类B,64.590880,中风险,信用得分=64.59，有效销项金额=104168305.74，毛利率=91.68%，有效经营月份=30，最大作废率=8.46%，最大负数率=4.26%，进销匹配差异=0.92，客户HHI=0.129，供应商HHI=0.074,否,,否,,放贷,50,50.000000,50,0.106500,0.705316
E145,***工贸有限公司,类A,82.638433,低风险,信用得分=82.64，有效销项金额=117569720.06，毛利率=3.91%，有效经营月份=37，最大作废率=10.00%，最大负数率=1.90%，进销匹配差异=0.04，客户HHI=0.087，供应商HHI=0.149,否,,否,,放贷,84.374590,100.000000,84.374590,0.046500,0.135727
E146,***基础建设工程有限公司,类A,77.037768,较低风险,信用得分=77.04，有效销项金额=131110608.43，毛利率=6.17%，有效经营月份=37，最大作废率=12.16%，最大负数率=2.11%，进销匹配差异=0.06，客户HHI=0.080，供应商HHI=0.369,否,,否,,放贷,79.333991,80.000000,79.333991,0.074500,0.511097
E147,***装饰工程有限责任公司,类A,88.171545,低风险,信用得分=88.17，有效销项金额=187669783.07，毛利率=21.35%，有效经营月份=37，最大作废率=6.48%，最大负数率=1.07%，进销匹配差异=0.21，客户HHI=0.060，供应商HHI=0.051,否,,否,,放贷,89.354390,100.000000,89.354390,0.046500,0.135727
E148,***商贸有限公司,类B,69.373987,较低风险,信用得分=69.37，有效销项金额=80568173.17，毛利率=64.17%，有效经营月份=36，最大作废率=6.41%，最大负数率=0.37%，进销匹配差异=0.64，客户HHI=0.011，供应商HHI=0.478,否,,否,,放贷,72.436589,80.000000,72.436589,0.070500,0.458295
E149,***建筑劳务有限公司,类C,57.386465,中风险,信用得分=57.39，有效销项金额=101240606.26，毛利率=99.44%，有效经营月份=34，最大作废率=6.44%，最大负数率=2.61%，进销匹配差异=0.99，客户HHI=0.231，供应商HHI=0.192,否,,否,,资金不足未放贷,50,50.000000,0.000000,0.110500,0.711101
E150,***建设工程有限公司,类A,78.440739,较低风险,信用得分=78.44，有效销项金额=114258375.14，毛利率=27.18%，有效经营月份=37，最大作废率=11.64%，最大负数率=0.47%，进销匹配差异=0.27，客户HHI=0.074，供应商HHI=0.037,否,,否,,放贷,80,80.000000,80,0.074500,0.511097
E151,***路桥工程有限公司,类C,60.306157,中风险,信用得分=60.31，有效销项金额=102421152.95，毛利率=89.95%，有效经营月份=31，最大作废率=5.41%，最大负数率=0.12%，进销匹配差异=0.90，客户HHI=0.274，供应商HHI=0.278,否,,否,,放贷,50,50.000000,50,0.110500,0.711101
E152,***运贸有限责任公司,类B,62.529331,中风险,信用得分=62.53，有效销项金额=119611727.99，毛利率=94.73%，有效经营月份=37，最大作废率=2.43%，最大负数率=2.52%，进销匹配差异=0.95，客户HHI=0.696，供应商HHI=0.204,否,,否,,放贷,50,50.000000,50,0.106500,0.705316
E153,个体经营E153 ,类C,56.503199,中风险,信用得分=56.50，有效销项金额=241023767.76，毛利率=99.96%，有效经营月份=32，最大作废率=21.13%，最大负数率=0.28%，进销匹配差异=1.00，客户HHI=0.494，供应商HHI=0.452,否,,否,,资金不足未放贷,50,50.000000,0.000000,0.110500,0.711101
E154,***汽车销售服务有限公司,类B,63.125687,中风险,信用得分=63.13，有效销项金额=74457899.33，毛利率=-65.27%，有效经营月份=30，最大作废率=5.56%，最大负数率=2.00%，进销匹配差异=0.65，客户HHI=0.364，供应商HHI=0.387,否,,否,,放贷,50,50.000000,50,0.106500,0.705316
E155,个体经营E155 ,类B,70.331871,较低风险,信用得分=70.33，有效销项金额=78595786.98，毛利率=5.54%，有效经营月份=25，最大作废率=4.56%，最大负数率=2.16%，进销匹配差异=0.06，客户HHI=0.076，供应商HHI=0.165,否,,否,,放贷,73.298684,80.000000,73.298684,0.070500,0.458295
E156,个体经营E156 ,类C,57.520093,中风险,信用得分=57.52，有效销项金额=153867406.21，毛利率=98.61%，有效经营月份=36，最大作废率=13.51%，最大负数率=6.53%，进销匹配差异=0.99，客户HHI=0.179，供应商HHI=0.203,否,,否,,放贷,50,50.000000,37.651566,0.110500,0.711101
E157,***环境设备工程有限公司,类B,66.170379,较低风险,信用得分=66.17，有效销项金额=67116525.76，毛利率=28.62%，有效经营月份=37，最大作废率=8.11%，最大负数率=7.51%，进销匹配差异=0.29，客户HHI=0.203，供应商HHI=0.051,否,,否,,放贷,69.553341,80.000000,69.553341,0.070500,0.458295
E158,***装饰工程有限公司,类B,62.146529,中风险,信用得分=62.15，有效销项金额=79121019.39，毛利率=20.77%，有效经营月份=31，最大作废率=12.88%，最大负数率=1.11%，进销匹配差异=0.21，客户HHI=0.175，供应商HHI=0.826,否,,否,,放贷,50,50.000000,50,0.106500,0.705316
E159,个体经营E159 ,类A,79.224865,较低风险,信用得分=79.22，有效销项金额=103171771.59，毛利率=35.81%，有效经营月份=35，最大作废率=7.91%，最大负数率=0.79%，进销匹配差异=0.36，客户HHI=0.043，供应商HHI=0.042,否,,否,,放贷,80,80.000000,80,0.074500,0.511097
E160,***钢结构工程有限公司,类A,81.471509,低风险,信用得分=81.47，有效销项金额=222833468.58，毛利率=32.61%，有效经营月份=37，最大作废率=16.67%，最大负数率=3.38%，进销匹配差异=0.33，客户HHI=0.218，供应商HHI=0.095,否,,否,,放贷,83.324358,100.000000,83.324358,0.046500,0.135727
E161,***建筑劳务有限责任公司,类B,62.421366,中风险,信用得分=62.42，有效销项金额=153900098.87，毛利率=99.43%，有效经营月份=37，最大作废率=17.65%，最大负数率=1.04%，进销匹配差异=0.99，客户HHI=0.088，供应商HHI=0.143,否,,否,,放贷,50,50.000000,50,0.106500,0.705316
E162,***网络信息安全有限公司,类A,79.283838,较低风险,信用得分=79.28，有效销项金额=136961159.18，毛利率=2.51%，有效经营月份=38，最大作废率=7.83%，最大负数率=5.87%，进销匹配差异=0.03，客户HHI=0.065，供应商HHI=0.052,否,,否,,放贷,80,80.000000,80,0.074500,0.511097
E163,***物流有限公司,类B,68.987954,较低风险,信用得分=68.99，有效销项金额=130693646.52，毛利率=42.52%，有效经营月份=38，最大作废率=15.02%，最大负数率=0.82%，进销匹配差异=0.43，客户HHI=0.582，供应商HHI=0.130,否,,否,,放贷,72.089159,80.000000,72.089159,0.070500,0.458295
E164,个体经营E164 ,类A,76.968177,较低风险,信用得分=76.97，有效销项金额=119829636.73，毛利率=41.07%，有效经营月份=36，最大作废率=12.52%，最大负数率=1.26%，进销匹配差异=0.41，客户HHI=0.041，供应商HHI=0.224,否,,否,,放贷,79.271359,80.000000,79.271359,0.074500,0.511097
E165,***文化传媒股份有限公司,类A,82.210799,低风险,信用得分=82.21，有效销项金额=114219774.23，毛利率=23.90%，有效经营月份=37，最大作废率=9.98%，最大负数率=4.45%，进销匹配差异=0.24，客户HHI=0.040，供应商HHI=0.068,否,,否,,放贷,83.989720,100.000000,83.989720,0.046500,0.135727
E166,***建筑工程有限公司,类D,41.562337,高风险,信用得分=41.56，有效销项金额=77618674.30，毛利率=96.23%，有效经营月份=34，最大作废率=11.13%，最大负数率=16.41%，进销匹配差异=0.96，客户HHI=0.499，供应商HHI=0.237,否,,是,信用得分41.56 < 50；最大负数率16.41% > 15%,资金不足未放贷,30,30.000000,0.000000,0.122500,0.784481
E167,***体育文化股份有限公司,类A,81.575594,低风险,信用得分=81.58，有效销项金额=119627824.72，毛利率=-15.95%，有效经营月份=37，最大作废率=6.77%，最大负数率=1.87%，进销匹配差异=0.16，客户HHI=0.077，供应商HHI=0.107,否,,否,,放贷,83.418034,100.000000,83.418034,0.046500,0.135727
E168,***建材有限公司,类C,53.546518,中风险,信用得分=53.55，有效销项金额=90209902.91，毛利率=98.49%，有效经营月份=30，最大作废率=3.86%，最大负数率=0.00%，进销匹配差异=0.98，客户HHI=0.411，供应商HHI=0.490,否,,否,,资金不足未放贷,50,50.000000,0.000000,0.110500,0.711101
E169,***建筑设计有限公司,类A,82.255953,低风险,信用得分=82.26，有效销项金额=114831443.15，毛利率=34.42%，有效经营月份=37，最大作废率=5.37%，最大负数率=2.01%，进销匹配差异=0.34，客户HHI=0.044，供应商HHI=0.038,否,,否,,放贷,84.030358,100.000000,84.030358,0.046500,0.135727
E170,***建筑劳务有限公司,类B,64.892760,中风险,信用得分=64.89，有效销项金额=71763015.63，毛利率=55.14%，有效经营月份=34，最大作废率=6.24%，最大负数率=4.14%，进销匹配差异=0.55，客户HHI=0.171，供应商HHI=0.101,否,,否,,放贷,50,50.000000,50,0.106500,0.705316
E171,***质量检验测试站,类A,78.725413,较低风险,信用得分=78.73，有效销项金额=104409268.07，毛利率=56.70%，有效经营月份=38，最大作废率=6.59%，最大负数率=1.51%，进销匹配差异=0.57，客户HHI=0.018，供应商HHI=0.109,否,,否,,放贷,80,80.000000,80,0.074500,0.511097
E172,***物流有限公司,类B,69.468968,较低风险,信用得分=69.47，有效销项金额=74903266.59，毛利率=44.91%，有效经营月份=37，最大作废率=8.01%，最大负数率=1.06%，进销匹配差异=0.45，客户HHI=0.120，供应商HHI=0.116,否,,否,,放贷,72.522072,80.000000,72.522072,0.070500,0.458295
E173,***贸易有限责任公司,类A,81.645935,低风险,信用得分=81.65，有效销项金额=106836324.76，毛利率=0.84%，有效经营月份=37，最大作废率=5.24%，最大负数率=1.24%，进销匹配差异=0.01，客户HHI=0.037，供应商HHI=0.246,否,,否,,放贷,83.481341,100.000000,83.481341,0.046500,0.135727
E174,***工程技术有限公司,类A,76.621670,较低风险,信用得分=76.62，有效销项金额=91150036.85，毛利率=17.02%，有效经营月份=34，最大作废率=8.09%，最大负数率=0.40%，进销匹配差异=0.17，客户HHI=0.049，供应商HHI=0.241,否,,否,,放贷,78.959503,80.000000,78.959503,0.074500,0.511097
E175,***食品集团有限公司,类A,74.704265,较低风险,信用得分=74.70，有效销项金额=74001823.99，毛利率=-5.90%，有效经营月份=38，最大作废率=7.69%，最大负数率=1.64%，进销匹配差异=0.06，客户HHI=0.034，供应商HHI=0.434,否,,否,,放贷,77.233838,80.000000,77.233838,0.074500,0.511097
E176,***科技有限公司,类B,67.269619,较低风险,信用得分=67.27，有效销项金额=83492525.80，毛利率=94.86%，有效经营月份=38，最大作废率=10.71%，最大负数率=3.09%，进销匹配差异=0.95，客户HHI=0.107，供应商HHI=0.038,否,,否,,放贷,70.542657,80.000000,70.542657,0.070500,0.458295
E177,***电力工程有限公司,类A,75.784014,较低风险,信用得分=75.78，有效销项金额=97717360.95，毛利率=27.43%，有效经营月份=37，最大作废率=13.92%，最大负数率=1.96%，进销匹配差异=0.27，客户HHI=0.073，供应商HHI=0.110,否,,否,,放贷,78.205613,80.000000,78.205613,0.074500,0.511097
E178,***贸易有限公司,类B,71.392116,较低风险,信用得分=71.39，有效销项金额=78541364.38，毛利率=-2.00%，有效经营月份=37，最大作废率=8.69%，最大负数率=1.97%，进销匹配差异=0.02，客户HHI=0.024，供应商HHI=0.231,否,,否,,放贷,74.252905,80.000000,74.252905,0.070500,0.458295
E179,***园林有限公司,类B,67.627481,较低风险,信用得分=67.63，有效销项金额=60347261.57，毛利率=39.75%，有效经营月份=37，最大作废率=10.81%，最大负数率=3.11%，进销匹配差异=0.40，客户HHI=0.065，供应商HHI=0.040,否,,否,,放贷,70.864733,80.000000,70.864733,0.070500,0.458295
E180,***电气有限公司,类A,78.911399,较低风险,信用得分=78.91，有效销项金额=74087731.47，毛利率=14.84%，有效经营月份=38，最大作废率=4.12%，最大负数率=0.84%，进销匹配差异=0.15，客户HHI=0.022，供应商HHI=0.742,否,,否,,放贷,80,80.000000,80,0.074500,0.511097
E181,***食品有限公司,类B,71.063317,较低风险,信用得分=71.06，有效销项金额=76977567.97，毛利率=-12.30%，有效经营月份=37，最大作废率=6.11%，最大负数率=1.05%，进销匹配差异=0.12，客户HHI=0.530，供应商HHI=0.071,否,,否,,放贷,73.956985,80.000000,73.956985,0.070500,0.458295
E182,***新材料科技有限公司,类A,75.850004,较低风险,信用得分=75.85，有效销项金额=77437981.47，毛利率=5.40%，有效经营月份=37，最大作废率=2.69%，最大负数率=0.00%，进销匹配差异=0.05，客户HHI=0.086，供应商HHI=0.224,否,,否,,放贷,78.265004,80.000000,78.265004,0.074500,0.511097
E183,***建设工程有限公司,类B,62.993445,中风险,信用得分=62.99，有效销项金额=65085708.14，毛利率=60.31%，有效经营月份=37，最大作废率=9.82%，最大负数率=0.89%，进销匹配差异=0.60，客户HHI=0.725，供应商HHI=0.034,否,,否,,放贷,50,50.000000,50,0.106500,0.705316
E184,***建筑装饰工程有限公司,类B,70.265643,较低风险,信用得分=70.27，有效销项金额=53005659.13，毛利率=28.43%，有效经营月份=35，最大作废率=2.82%，最大负数率=3.20%，进销匹配差异=0.28，客户HHI=0.173，供应商HHI=0.041,否,,否,,放贷,73.239079,80.000000,73.239079,0.070500,0.458295
E185,***生态魔芋有限公司,类B,64.677025,中风险,信用得分=64.68，有效销项金额=96329021.71，毛利率=99.27%，有效经营月份=33，最大作废率=1.47%，最大负数率=2.94%，进销匹配差异=0.99，客户HHI=0.096，供应商HHI=0.245,否,,否,,放贷,50,50.000000,50,0.106500,0.705316
E186,***建筑劳务有限公司,类C,55.415853,中风险,信用得分=55.42，有效销项金额=83555221.12，毛利率=96.49%，有效经营月份=35，最大作废率=4.85%，最大负数率=1.11%，进销匹配差异=0.96，客户HHI=0.759，供应商HHI=0.059,否,,否,,资金不足未放贷,50,50.000000,0.000000,0.110500,0.711101
E187,个体经营E187 ,类D,36.397335,高风险,信用得分=36.40，有效销项金额=3403409.07，毛利率=-2062.25%，有效经营月份=25，最大作废率=90.91%，最大负数率=1.08%，进销匹配差异=20.62，客户HHI=0.241，供应商HHI=0.002,是,最大作废率90.91% > 40%；进销匹配差异20.62 > 4,否,,不放贷,0.000000,0.000000,0.000000,0.000000,0.000000
E188,***硬质合金有限公司,类A,81.898536,低风险,信用得分=81.90，有效销项金额=80713142.81，毛利率=2.99%，有效经营月份=37，最大作废率=3.94%，最大负数率=0.42%，进销匹配差异=0.03，客户HHI=0.039，供应商HHI=0.068,否,,否,,放贷,83.708682,100.000000,83.708682,0.046500,0.135727
E189,***石油工程技术服务有限公司,类B,70.686479,较低风险,信用得分=70.69，有效销项金额=50709690.27，毛利率=42.22%，有效经营月份=37，最大作废率=5.46%，最大负数率=2.03%，进销匹配差异=0.42，客户HHI=0.139，供应商HHI=0.061,否,,否,,放贷,73.617831,80.000000,73.617831,0.070500,0.458295
E190,***劳务有限公司,类C,57.044594,中风险,信用得分=57.04，有效销项金额=119934393.79，毛利率=98.72%，有效经营月份=36，最大作废率=14.21%，最大负数率=3.49%，进销匹配差异=0.99，客户HHI=0.125，供应商HHI=0.245,否,,否,,资金不足未放贷,50,50.000000,0.000000,0.110500,0.711101
E191,***商贸有限责任公司,类A,81.302318,低风险,信用得分=81.30，有效销项金额=256138436.25，毛利率=-1.85%，有效经营月份=37，最大作废率=4.88%，最大负数率=0.33%，进销匹配差异=0.02，客户HHI=0.359，供应商HHI=0.345,否,,否,,放贷,83.172087,100.000000,83.172087,0.046500,0.135727
E192,***建设工程有限公司,类D,44.720590,高风险,信用得分=44.72，有效销项金额=42118600.17，毛利率=58.90%，有效经营月份=27，最大作废率=20.93%，最大负数率=2.70%，进销匹配差异=0.59，客户HHI=0.391，供应商HHI=0.124,否,,是,信用得分44.72 < 50,资金不足未放贷,30,30.000000,0.000000,0.122500,0.784481
E193,个体经营E193 ,类A,75.276702,较低风险,信用得分=75.28，有效销项金额=122316829.73，毛利率=86.04%，有效经营月份=36，最大作废率=6.91%，最大负数率=1.14%，进销匹配差异=0.86，客户HHI=0.008，供应商HHI=0.118,否,,否,,放贷,77.749032,80.000000,77.749032,0.074500,0.511097
E194,***文化传播有限公司,类B,71.618661,较低风险,信用得分=71.62，有效销项金额=88972764.61，毛利率=87.83%，有效经营月份=34，最大作废率=5.86%，最大负数率=3.35%，进销匹配差异=0.88，客户HHI=0.057，供应商HHI=0.152,否,,否,,放贷,74.456795,80.000000,74.456795,0.070500,0.458295
E195,***医药有限公司,类A,84.254562,低风险,信用得分=84.25，有效销项金额=109903508.15，毛利率=31.26%，有效经营月份=37，最大作废率=4.76%，最大负数率=2.05%，进销匹配差异=0.31，客户HHI=0.054，供应商HHI=0.108,否,,否,,放贷,85.829106,100.000000,85.829106,0.046500,0.135727
E196,***地质制图印刷厂,类A,76.009258,较低风险,信用得分=76.01，有效销项金额=72526203.12，毛利率=41.68%，有效经营月份=38，最大作废率=6.99%，最大负数率=2.94%，进销匹配差异=0.42，客户HHI=0.037，供应商HHI=0.185,否,,否,,放贷,78.408332,80.000000,78.408332,0.074500,0.511097
E197,***医疗设备有限公司,类A,89.136244,低风险,信用得分=89.14，有效销项金额=181712080.29，毛利率=44.39%，有效经营月份=34，最大作废率=6.23%，最大负数率=1.20%，进销匹配差异=0.44，客户HHI=0.039，供应商HHI=0.098,否,,否,,放贷,90.222619,100.000000,90.222619,0.046500,0.135727
E198,***商贸有限公司,类B,65.025020,较低风险,信用得分=65.03，有效销项金额=57406622.72，毛利率=-0.93%，有效经营月份=37，最大作废率=10.01%，最大负数率=6.80%，进销匹配差异=0.01，客户HHI=0.135，供应商HHI=0.077,否,,否,,放贷,68.522518,80.000000,68.522518,0.070500,0.458295
E199,***建筑劳务有限公司,类D,42.386741,高风险,信用得分=42.39，有效销项金额=59575542.09，毛利率=99.73%，有效经营月份=23，最大作废率=2.08%，最大负数率=10.98%，进销匹配差异=1.00，客户HHI=0.371，供应商HHI=0.289,否,,是,信用得分42.39 < 50,资金不足未放贷,30,30.000000,0.000000,0.122500,0.784481
E200,个体经营E200 ,类B,67.285700,较低风险,信用得分=67.29，有效销项金额=47163293.45，毛利率=-0.65%，有效经营月份=36，最大作废率=7.99%，最大负数率=1.96%，进销匹配差异=0.01，客户HHI=0.059，供应商HHI=0.176,否,,否,,放贷,70.557130,80.000000,70.557130,0.070500,0.458295
E201,***物流有限责任公司,类B,68.127018,较低风险,信用得分=68.13，有效销项金额=48047952.48，毛利率=18.39%，有效经营月份=37，最大作废率=10.19%，最大负数率=1.41%，进销匹配差异=0.18，客户HHI=0.078，供应商HHI=0.149,否,,否,,放贷,71.314316,80.000000,71.314316,0.070500,0.458295
E202,个体经营E202 ,类C,56.061585,中风险,信用得分=56.06，有效销项金额=99269637.60，毛利率=89.54%，有效经营月份=36，最大作废率=9.90%，最大负数率=0.50%，进销匹配差异=0.90，客户HHI=0.903，供应商HHI=0.094,否,,否,,资金不足未放贷,50,50.000000,0.000000,0.110500,0.711101
E203,***建设工程有限公司,类B,64.318539,中风险,信用得分=64.32，有效销项金额=47646507.18，毛利率=50.89%，有效经营月份=36，最大作废率=9.26%，最大负数率=0.31%，进销匹配差异=0.51，客户HHI=0.361，供应商HHI=0.087,否,,否,,放贷,50,50.000000,50,0.106500,0.705316
E204,***科技发展有限公司,类A,78.159448,较低风险,信用得分=78.16，有效销项金额=92091768.28，毛利率=37.66%，有效经营月份=37，最大作废率=20.30%，最大负数率=2.08%，进销匹配差异=0.38，客户HHI=0.025，供应商HHI=0.021,否,,否,,放贷,80,80.000000,80,0.074500,0.511097
E205,个体经营E205 ,类B,64.242681,中风险,信用得分=64.24，有效销项金额=74253216.71，毛利率=67.77%，有效经营月份=36，最大作废率=9.27%，最大负数率=0.89%，进销匹配差异=0.68，客户HHI=0.080，供应商HHI=0.398,否,,否,,放贷,50,50.000000,50,0.106500,0.705316
E206,***建设工程有限公司,类A,83.489250,低风险,信用得分=83.49，有效销项金额=96008119.43，毛利率=24.02%，有效经营月份=37，最大作废率=5.19%，最大负数率=0.22%，进销匹配差异=0.24，客户HHI=0.096，供应商HHI=0.037,否,,否,,放贷,85.140325,100.000000,85.140325,0.046500,0.135727
E207,个体经营E207 ,类A,72.573303,较低风险,信用得分=72.57，有效销项金额=120936342.80，毛利率=40.30%，有效经营月份=35，最大作废率=4.46%，最大负数率=0.69%，进销匹配差异=0.40，客户HHI=0.586，供应商HHI=0.082,否,,否,,放贷,75.315973,80.000000,75.315973,0.074500,0.511097
E208,个体经营E208 ,类B,67.649437,较低风险,信用得分=67.65，有效销项金额=75553782.03，毛利率=-0.41%，有效经营月份=36，最大作废率=12.74%，最大负数率=1.95%，进销匹配差异=0.00，客户HHI=0.037，供应商HHI=0.329,否,,否,,放贷,70.884493,80.000000,70.884493,0.070500,0.458295
E209,***工程检测有限公司,类A,75.605973,较低风险,信用得分=75.61，有效销项金额=65700985.17，毛利率=33.04%，有效经营月份=37，最大作废率=17.08%，最大负数率=4.20%，进销匹配差异=0.33，客户HHI=0.014，供应商HHI=0.023,否,,否,,放贷,78.045375,80.000000,78.045375,0.074500,0.511097
E210,***建筑工程有限公司,类C,50.926195,中风险,信用得分=50.93，有效销项金额=53682992.72，毛利率=89.09%，有效经营月份=30，最大作废率=6.70%，最大负数率=0.55%，进销匹配差异=0.89，客户HHI=0.783，供应商HHI=0.112,否,,否,,资金不足未放贷,50,50.000000,0.000000,0.110500,0.711101
E211,个体经营E211 ,类B,64.201688,中风险,信用得分=64.20，有效销项金额=49070943.99，毛利率=55.40%，有效经营月份=36，最大作废率=10.15%，最大负数率=0.92%，进销匹配差异=0.55，客户HHI=0.048，供应商HHI=0.481,否,,否,,放贷,50,50.000000,50,0.106500,0.705316
E212,***建电管理咨询有限公司,类C,57.450195,中风险,信用得分=57.45，有效销项金额=76890077.77，毛利率=99.81%，有效经营月份=38，最大作废率=10.95%，最大负数率=1.19%，进销匹配差异=1.00，客户HHI=0.063，供应商HHI=0.166,否,,否,,资金不足未放贷,50,50.000000,0.000000,0.110500,0.711101
E213,***科技有限公司,类A,78.282754,较低风险,信用得分=78.28，有效销项金额=57697215.60，毛利率=21.31%，有效经营月份=37，最大作废率=9.61%，最大负数率=1.81%，进销匹配差异=0.21，客户HHI=0.036，供应商HHI=0.066,否,,否,,放贷,80,80.000000,80,0.074500,0.511097
E214,***建筑工程有限公司,类B,68.413734,较低风险,信用得分=68.41，有效销项金额=64252383.44，毛利率=43.67%，有效经营月份=37，最大作废率=17.86%，最大负数率=1.73%，进销匹配差异=0.44，客户HHI=0.038，供应商HHI=0.066,否,,否,,放贷,71.572361,80.000000,71.572361,0.070500,0.458295
E215,***建筑工程有限公司,类C,52.703281,中风险,信用得分=52.70，有效销项金额=67502754.20，毛利率=99.68%，有效经营月份=28，最大作废率=9.24%，最大负数率=0.00%，进销匹配差异=1.00，客户HHI=0.282，供应商HHI=0.146,否,,否,,资金不足未放贷,50,50.000000,0.000000,0.110500,0.711101
E216,***建设工程有限公司,类B,69.819566,较低风险,信用得分=69.82，有效销项金额=58325941.25，毛利率=42.93%，有效经营月份=37，最大作废率=11.50%，最大负数率=0.65%，进销匹配差异=0.43，客户HHI=0.147，供应商HHI=0.099,否,,否,,放贷,72.837609,80.000000,72.837609,0.070500,0.458295
E217,个体经营E217 ,类D,32.714219,高风险,信用得分=32.71，有效销项金额=2434236.61，毛利率=-2073.73%，有效经营月份=25，最大作废率=95.46%，最大负数率=1.07%，进销匹配差异=20.74，客户HHI=0.148，供应商HHI=0.010,是,最大作废率95.46% > 40%；进销匹配差异20.74 > 4,否,,不放贷,0.000000,0.000000,0.000000,0.000000,0.000000
E218,***建设工程有限公司,类C,54.720828,中风险,信用得分=54.72，有效销项金额=39328554.23，毛利率=-3.75%，有效经营月份=36，最大作废率=40.95%，最大负数率=0.36%，进销匹配差异=0.04，客户HHI=0.525，供应商HHI=0.140,是,最大作废率40.95% > 40%,否,,不放贷,0.000000,0.000000,0.000000,0.000000,0.000000
E219,***品牌营销策划有限公司,类B,63.980999,中风险,信用得分=63.98，有效销项金额=35642623.95，毛利率=-0.10%，有效经营月份=36，最大作废率=21.19%，最大负数率=5.30%，进销匹配差异=0.00，客户HHI=0.084，供应商HHI=0.031,否,,否,,放贷,50,50.000000,50,0.106500,0.705316
E220,***文化传播有限公司,类A,78.307039,较低风险,信用得分=78.31，有效销项金额=80286331.10，毛利率=31.26%，有效经营月份=37，最大作废率=4.93%，最大负数率=0.85%，进销匹配差异=0.31，客户HHI=0.368，供应商HHI=0.011,否,,否,,放贷,80,80.000000,80,0.074500,0.511097
E221,***测绘服务有限公司,类A,76.825419,较低风险,信用得分=76.83，有效销项金额=45971718.41，毛利率=27.20%，有效经营月份=29，最大作废率=6.05%，最大负数率=2.02%，进销匹配差异=0.27，客户HHI=0.038，供应商HHI=0.093,否,,否,,放贷,79.142877,80.000000,79.142877,0.074500,0.511097
E222,***数码科技有限公司,类B,67.644730,较低风险,信用得分=67.64，有效销项金额=62615800.41，毛利率=16.58%，有效经营月份=37，最大作废率=25.65%，最大负数率=2.59%，进销匹配差异=0.17，客户HHI=0.072，供应商HHI=0.026,否,,是,最大作废率25.65% > 25%,放贷,30.000000,30.000000,30.000000,0.070500,0.458295
E223,***科技有限公司,类C,57.280426,中风险,信用得分=57.28，有效销项金额=31385466.78，毛利率=-22.88%，有效经营月份=19，最大作废率=9.83%，最大负数率=3.97%，进销匹配差异=0.23，客户HHI=0.251，供应商HHI=0.179,否,,否,,资金不足未放贷,50,50.000000,0.000000,0.110500,0.711101
E224,***纸业有限公司,类A,74.659548,较低风险,信用得分=74.66，有效销项金额=95946734.50，毛利率=-2.63%，有效经营月份=37，最大作废率=4.74%，最大负数率=1.33%，进销匹配差异=0.03，客户HHI=0.123，供应商HHI=0.105,否,,否,,放贷,77.193593,80.000000,77.193593,0.074500,0.511097
E225,***物业服务有限责任公司***分公司,类A,80.327915,低风险,信用得分=80.33，有效销项金额=68686418.24，毛利率=36.43%，有效经营月份=38，最大作废率=6.28%，最大负数率=1.18%，进销匹配差异=0.36，客户HHI=0.021，供应商HHI=0.188,否,,否,,放贷,82.295123,100.000000,82.295123,0.046500,0.135727
E226,***建设工程有限公司,类B,64.076513,中风险,信用得分=64.08，有效销项金额=44714111.36，毛利率=-3.03%，有效经营月份=35，最大作废率=6.86%，最大负数率=2.77%，进销匹配差异=0.03，客户HHI=0.429，供应商HHI=0.089,否,,否,,放贷,50,50.000000,50,0.106500,0.705316
E227,***安全技术有限公司,类A,75.732559,较低风险,信用得分=75.73，有效销项金额=55848119.35，毛利率=9.16%，有效经营月份=36，最大作废率=7.41%，最大负数率=0.81%，进销匹配差异=0.09，客户HHI=0.055，供应商HHI=0.025,否,,否,,放贷,78.159303,80.000000,78.159303,0.074500,0.511097
E228,***文化发展有限公司,类B,69.339662,较低风险,信用得分=69.34，有效销项金额=59965638.31，毛利率=50.47%，有效经营月份=37，最大作废率=15.56%，最大负数率=8.84%，进销匹配差异=0.50，客户HHI=0.031，供应商HHI=0.033,否,,否,,放贷,72.405696,80.000000,72.405696,0.070500,0.458295
E229,***家贸易有限公司,类B,65.994846,较低风险,信用得分=65.99，有效销项金额=54774178.32，毛利率=-3.23%，有效经营月份=37，最大作废率=10.32%，最大负数率=0.49%，进销匹配差异=0.03，客户HHI=0.682，供应商HHI=0.094,否,,否,,放贷,69.395362,80.000000,69.395362,0.070500,0.458295
E230,***建筑劳务有限公司,类C,48.414167,高风险,信用得分=48.41，有效销项金额=49308980.03，毛利率=99.76%，有效经营月份=34，最大作废率=12.43%，最大负数率=2.96%，进销匹配差异=1.00，客户HHI=0.065，供应商HHI=0.665,否,,是,信用得分48.41 < 50,资金不足未放贷,30,30.000000,0.000000,0.122500,0.784481
E231,***建筑科技有限公司,类C,58.969851,中风险,信用得分=58.97，有效销项金额=33376164.70，毛利率=-7.05%，有效经营月份=36，最大作废率=9.31%，最大负数率=0.00%，进销匹配差异=0.07，客户HHI=0.296，供应商HHI=0.166,否,,否,,放贷,50,50.000000,50,0.110500,0.711101
E232,***投资发展有限责任公司,类C,59.696476,中风险,信用得分=59.70，有效销项金额=47970719.64，毛利率=26.77%，有效经营月份=38，最大作废率=5.56%，最大负数率=7.63%，进销匹配差异=0.27，客户HHI=0.500，供应商HHI=0.623,否,,否,,放贷,50,50.000000,50,0.110500,0.711101
E233,***劳务有限公司,类D,42.003675,高风险,信用得分=42.00，有效销项金额=19988668.90，毛利率=97.99%，有效经营月份=26，最大作废率=6.30%，最大负数率=0.00%，进销匹配差异=0.98，客户HHI=0.854，供应商HHI=0.026,否,,是,信用得分42.00 < 50,资金不足未放贷,30,30.000000,0.000000,0.122500,0.784481
E234,***机电设备商贸有限公司,类C,60.129459,中风险,信用得分=60.13，有效销项金额=39835337.13，毛利率=88.57%，有效经营月份=29，最大作废率=3.97%，最大负数率=0.66%，进销匹配差异=0.89，客户HHI=0.020，供应商HHI=0.143,否,,否,,放贷,50,50.000000,50,0.110500,0.711101
E235,个体经营E235 ,类B,63.392074,中风险,信用得分=63.39，有效销项金额=40024592.54，毛利率=64.89%，有效经营月份=35，最大作废率=6.90%，最大负数率=0.39%，进销匹配差异=0.65，客户HHI=0.100，供应商HHI=0.582,否,,否,,放贷,50,50.000000,50,0.106500,0.705316
E236,个体经营E236 ,类C,47.786844,高风险,信用得分=47.79，有效销项金额=44647209.89，毛利率=88.84%，有效经营月份=35，最大作废率=22.34%，最大负数率=1.95%，进销匹配差异=0.89，客户HHI=0.230，供应商HHI=0.223,否,,是,信用得分47.79 < 50,资金不足未放贷,30,30.000000,0.000000,0.122500,0.784481
E237,个体经营E237 ,类C,53.582765,中风险,信用得分=53.58，有效销项金额=19792717.95，毛利率=13.58%，有效经营月份=27，最大作废率=25.08%，最大负数率=5.37%，进销匹配差异=0.14，客户HHI=0.308，供应商HHI=0.264,否,,是,最大作废率25.08% > 25%,资金不足未放贷,30.000000,30.000000,0.000000,0.110500,0.711101
E238,个体经营E238 ,类A,73.932646,较低风险,信用得分=73.93，有效销项金额=56429503.98，毛利率=71.67%，有效经营月份=36，最大作废率=6.85%，最大负数率=4.68%，进销匹配差异=0.72，客户HHI=0.004，供应商HHI=0.120,否,,否,,放贷,76.539382,80.000000,76.539382,0.074500,0.511097
E239,个体经营E239 ,类C,60.110027,中风险,信用得分=60.11，有效销项金额=26270147.96，毛利率=1.50%，有效经营月份=27，最大作废率=12.07%，最大负数率=1.32%，进销匹配差异=0.01，客户HHI=0.093，供应商HHI=0.156,否,,否,,放贷,50,50.000000,50,0.110500,0.711101
E240,个体经营E240 ,类D,39.581968,高风险,信用得分=39.58，有效销项金额=17016977.52，毛利率=-76.42%，有效经营月份=25，最大作废率=83.87%，最大负数率=2.42%，进销匹配差异=0.76，客户HHI=0.957，供应商HHI=0.010,是,最大作废率83.87% > 40%,否,,不放贷,0.000000,0.000000,0.000000,0.000000,0.000000
E241,个体经营E241 ,类C,55.732532,中风险,信用得分=55.73，有效销项金额=37898804.22，毛利率=84.22%，有效经营月份=36，最大作废率=9.19%，最大负数率=0.63%，进销匹配差异=0.84，客户HHI=0.565，供应商HHI=0.102,否,,否,,资金不足未放贷,50,50.000000,0.000000,0.110500,0.711101
E242,个体经营E242 ,类D,34.920324,高风险,信用得分=34.92，有效销项金额=1518719.26，毛利率=-1125.08%，有效经营月份=25，最大作废率=93.16%，最大负数率=2.66%，进销匹配差异=11.25，客户HHI=0.201，供应商HHI=0.007,是,最大作废率93.16% > 40%；进销匹配差异11.25 > 4,否,,不放贷,0.000000,0.000000,0.000000,0.000000,0.000000
E243,***科技有限公司,类C,56.466504,中风险,信用得分=56.47，有效销项金额=32091033.41，毛利率=85.70%，有效经营月份=34，最大作废率=4.78%，最大负数率=0.29%，进销匹配差异=0.86，客户HHI=0.208，供应商HHI=0.253,否,,否,,资金不足未放贷,50,50.000000,0.000000,0.110500,0.711101
E244,个体经营E244 ,类C,56.669470,中风险,信用得分=56.67，有效销项金额=34862195.29，毛利率=60.36%，有效经营月份=36，最大作废率=17.35%，最大负数率=2.43%，进销匹配差异=0.60，客户HHI=0.317，供应商HHI=0.058,否,,否,,资金不足未放贷,50,50.000000,0.000000,0.110500,0.711101
E245,***建筑劳务有限公司,类D,44.291006,高风险,信用得分=44.29，有效销项金额=25170610.39，毛利率=99.47%，有效经营月份=30，最大作废率=12.46%，最大负数率=5.10%，进销匹配差异=0.99，客户HHI=0.158，供应商HHI=0.129,否,,是,信用得分44.29 < 50,资金不足未放贷,30,30.000000,0.000000,0.122500,0.784481
E246,***物业服务有限公司,类B,63.544107,中风险,信用得分=63.54，有效销项金额=31377751.46，毛利率=79.21%，有效经营月份=37，最大作废率=9.65%，最大负数率=1.81%，进销匹配差异=0.79，客户HHI=0.156，供应商HHI=0.090,否,,否,,放贷,50,50.000000,50,0.106500,0.705316
E247,***石化有限公司,类B,62.501036,中风险,信用得分=62.50，有效销项金额=21712508.80，毛利率=43.42%，有效经营月份=38，最大作废率=7.24%，最大负数率=0.74%，进销匹配差异=0.43，客户HHI=0.599，供应商HHI=0.056,否,,否,,放贷,50,50.000000,50,0.106500,0.705316
E248,***智能科技有限公司,类B,64.178517,中风险,信用得分=64.18，有效销项金额=20868777.10，毛利率=33.95%，有效经营月份=37，最大作废率=12.84%，最大负数率=1.48%，进销匹配差异=0.34，客户HHI=0.085，供应商HHI=0.048,否,,否,,放贷,50,50.000000,50,0.106500,0.705316
E249,***建筑工程有限公司,类C,58.603573,中风险,信用得分=58.60，有效销项金额=51819821.70，毛利率=47.32%，有效经营月份=35，最大作废率=13.77%，最大负数率=0.14%，进销匹配差异=0.47，客户HHI=0.973，供应商HHI=0.151,否,,否,,放贷,50,50.000000,50,0.110500,0.711101
E250,***塑料厂,类C,58.282893,中风险,信用得分=58.28，有效销项金额=32443945.69，毛利率=73.39%，有效经营月份=38，最大作废率=15.17%，最大负数率=2.96%，进销匹配差异=0.73，客户HHI=0.061，供应商HHI=0.186,否,,否,,放贷,50,50.000000,50,0.110500,0.711101
E251,***医疗器械有限责任公司,类C,57.376211,中风险,信用得分=57.38，有效销项金额=12859876.88，毛利率=28.94%，有效经营月份=33，最大作废率=13.02%，最大负数率=4.44%，进销匹配差异=0.29，客户HHI=0.115，供应商HHI=0.047,否,,否,,资金不足未放贷,50,50.000000,0.000000,0.110500,0.711101
E252,***印务有限公司,类B,66.712769,较低风险,信用得分=66.71，有效销项金额=39283384.00，毛利率=33.21%，有效经营月份=37，最大作废率=5.53%，最大负数率=1.85%，进销匹配差异=0.33，客户HHI=0.134，供应商HHI=0.054,否,,否,,放贷,70.041492,80.000000,70.041492,0.070500,0.458295
E253,***钢结构工程有限公司,类B,65.859912,较低风险,信用得分=65.86，有效销项金额=23725535.58，毛利率=22.52%，有效经营月份=37，最大作废率=16.54%，最大负数率=0.79%，进销匹配差异=0.23，客户HHI=0.034，供应商HHI=0.103,否,,否,,放贷,69.273921,80.000000,69.273921,0.070500,0.458295
E254,***设备安装工程有限公司,类C,53.079104,中风险,信用得分=53.08，有效销项金额=37200358.72，毛利率=91.34%，有效经营月份=35，最大作废率=7.51%，最大负数率=0.41%，进销匹配差异=0.91，客户HHI=0.259，供应商HHI=0.238,否,,否,,资金不足未放贷,50,50.000000,0.000000,0.110500,0.711101
E255,个体经营E255 ,类C,57.830223,中风险,信用得分=57.83，有效销项金额=38606481.84，毛利率=70.81%，有效经营月份=36，最大作废率=6.26%，最大负数率=4.69%，进销匹配差异=0.71，客户HHI=0.434，供应商HHI=0.130,否,,否,,放贷,50,50.000000,50,0.110500,0.711101
E256,***物资有限公司,类B,68.048572,较低风险,信用得分=68.05，有效销项金额=29926361.09，毛利率=65.72%，有效经营月份=37，最大作废率=3.57%，最大负数率=1.07%，进销匹配差异=0.66，客户HHI=0.043，供应商HHI=0.078,否,,否,,放贷,71.243715,80.000000,71.243715,0.070500,0.458295
E257,***门窗安装有限公司,类C,60.434667,中风险,信用得分=60.43，有效销项金额=23793654.89，毛利率=36.58%，有效经营月份=30，最大作废率=12.19%，最大负数率=3.05%，进销匹配差异=0.37，客户HHI=0.104，供应商HHI=0.054,否,,否,,放贷,50,50.000000,50,0.110500,0.711101
E258,***国际货运有限公司,类B,67.272923,较低风险,信用得分=67.27，有效销项金额=68046478.54，毛利率=77.67%，有效经营月份=38，最大作废率=4.61%，最大负数率=2.12%，进销匹配差异=0.78，客户HHI=0.149，供应商HHI=0.074,否,,否,,放贷,70.545631,80.000000,70.545631,0.070500,0.458295
E259,***文化传媒有限公司,类B,71.616405,较低风险,信用得分=71.62，有效销项金额=31725623.11，毛利率=41.77%，有效经营月份=37，最大作废率=13.57%，最大负数率=2.32%，进销匹配差异=0.42，客户HHI=0.015，供应商HHI=0.016,否,,否,,放贷,74.454765,80.000000,74.454765,0.070500,0.458295
E260,***广告有限公司,类B,70.506954,较低风险,信用得分=70.51，有效销项金额=22168583.16，毛利率=19.54%，有效经营月份=37，最大作废率=11.52%，最大负数率=1.51%，进销匹配差异=0.20，客户HHI=0.044，供应商HHI=0.043,否,,否,,放贷,73.456258,80.000000,73.456258,0.070500,0.458295
E261,***医疗器械有限公司,类B,65.314003,较低风险,信用得分=65.31，有效销项金额=15967699.38，毛利率=46.04%，有效经营月份=37，最大作废率=11.69%，最大负数率=1.55%，进销匹配差异=0.46，客户HHI=0.052，供应商HHI=0.545,否,,否,,放贷,68.782603,80.000000,68.782603,0.070500,0.458295
E262,个体经营E262 ,类B,65.466372,较低风险,信用得分=65.47，有效销项金额=24523963.30，毛利率=33.05%，有效经营月份=34，最大作废率=5.20%，最大负数率=1.30%，进销匹配差异=0.33，客户HHI=0.234，供应商HHI=0.093,否,,否,,放贷,68.919735,80.000000,68.919735,0.070500,0.458295
E263,***通信工程有限公司,类C,56.527908,中风险,信用得分=56.53，有效销项金额=26231558.89，毛利率=45.29%，有效经营月份=37，最大作废率=18.55%，最大负数率=3.83%，进销匹配差异=0.45，客户HHI=0.256，供应商HHI=0.201,否,,否,,资金不足未放贷,50,50.000000,0.000000,0.110500,0.711101
E264,个体经营E264 ,类D,34.469857,高风险,信用得分=34.47，有效销项金额=1173035.70，毛利率=-1907.39%，有效经营月份=25，最大作废率=94.33%，最大负数率=4.49%，进销匹配差异=19.07，客户HHI=0.532，供应商HHI=0.007,是,最大作废率94.33% > 40%；进销匹配差异19.07 > 4,否,,不放贷,0.000000,0.000000,0.000000,0.000000,0.000000
E265,***净化工程有限公司,类B,65.013071,较低风险,信用得分=65.01，有效销项金额=23812366.63，毛利率=9.66%，有效经营月份=33，最大作废率=15.58%，最大负数率=3.37%，进销匹配差异=0.10，客户HHI=0.093，供应商HHI=0.115,否,,否,,放贷,68.511764,80.000000,68.511764,0.070500,0.458295
E266,***煤矿机械有限公司,类C,48.483960,高风险,信用得分=48.48，有效销项金额=26289597.49，毛利率=95.35%，有效经营月份=36，最大作废率=7.02%，最大负数率=1.86%，进销匹配差异=0.95，客户HHI=0.676，供应商HHI=0.323,否,,是,信用得分48.48 < 50,资金不足未放贷,30,30.000000,0.000000,0.122500,0.784481
E267,***林园艺场,类D,41.799149,高风险,信用得分=41.80，有效销项金额=17493142.05，毛利率=94.09%，有效经营月份=19，最大作废率=11.01%，最大负数率=2.20%，进销匹配差异=0.94，客户HHI=0.176，供应商HHI=0.339,否,,是,信用得分41.80 < 50,资金不足未放贷,30,30.000000,0.000000,0.122500,0.784481
E268,***建筑劳务有限公司,类C,48.960622,高风险,信用得分=48.96，有效销项金额=25591515.94，毛利率=77.13%，有效经营月份=25，最大作废率=10.64%，最大负数率=2.50%，进销匹配差异=0.77，客户HHI=0.299，供应商HHI=0.179,否,,是,信用得分48.96 < 50,资金不足未放贷,30,30.000000,0.000000,0.122500,0.784481
E269,***节能服务有限公司,类D,41.136931,高风险,信用得分=41.14，有效销项金额=30060690.45，毛利率=96.89%，有效经营月份=36，最大作废率=13.00%，最大负数率=4.93%，进销匹配差异=0.97，客户HHI=0.693，供应商HHI=0.160,否,,是,信用得分41.14 < 50,资金不足未放贷,30,30.000000,0.000000,0.122500,0.784481
E270,个体经营E270 ,类C,51.534319,中风险,信用得分=51.53，有效销项金额=20044158.20，毛利率=70.76%，有效经营月份=36，最大作废率=19.28%，最大负数率=2.89%，进销匹配差异=0.71，客户HHI=0.332，供应商HHI=0.257,否,,否,,资金不足未放贷,50,50.000000,0.000000,0.110500,0.711101
E271,***科技有限公司,类B,65.465328,较低风险,信用得分=65.47，有效销项金额=30204201.37，毛利率=13.51%，有效经营月份=37，最大作废率=21.01%，最大负数率=2.87%，进销匹配差异=0.14，客户HHI=0.063，供应商HHI=0.047,否,,否,,放贷,68.918795,80.000000,68.918795,0.070500,0.458295
E272,个体经营E272 ,类C,58.096802,中风险,信用得分=58.10，有效销项金额=13847647.50，毛利率=68.02%，有效经营月份=36，最大作废率=8.91%，最大负数率=5.55%，进销匹配差异=0.68，客户HHI=0.149，供应商HHI=0.089,否,,否,,放贷,50,50.000000,50,0.110500,0.711101
E273,个体经营E273 ,类B,69.529865,较低风险,信用得分=69.53，有效销项金额=23004728.28，毛利率=56.66%，有效经营月份=35，最大作废率=5.56%，最大负数率=1.16%，进销匹配差异=0.57，客户HHI=0.001，供应商HHI=0.375,否,,否,,放贷,72.576878,80.000000,72.576878,0.070500,0.458295
E274,***建筑劳务有限公司,类D,37.884266,高风险,信用得分=37.88，有效销项金额=11733690.96，毛利率=99.70%，有效经营月份=17，最大作废率=11.69%，最大负数率=1.30%，进销匹配差异=1.00，客户HHI=0.145，供应商HHI=0.484,否,,是,信用得分37.88 < 50,资金不足未放贷,30,30.000000,0.000000,0.122500,0.784481
E275,***网络工程有限公司,类C,48.813438,高风险,信用得分=48.81，有效销项金额=20636866.03，毛利率=92.25%，有效经营月份=38，最大作废率=19.05%，最大负数率=5.44%，进销匹配差异=0.92，客户HHI=0.075，供应商HHI=0.128,否,,是,信用得分48.81 < 50,资金不足未放贷,30,30.000000,0.000000,0.122500,0.784481
E276,***体育设施工程有限公司,类C,50.406626,中风险,信用得分=50.41，有效销项金额=12182839.35，毛利率=66.81%，有效经营月份=35，最大作废率=20.28%，最大负数率=3.77%，进销匹配差异=0.67，客户HHI=0.156，供应商HHI=0.230,否,,否,,资金不足未放贷,50,50.000000,0.000000,0.110500,0.711101
E277,***消防设备制造有限公司,类C,60.198701,中风险,信用得分=60.20，有效销项金额=18107878.28，毛利率=30.87%，有效经营月份=30，最大作废率=6.27%，最大负数率=0.60%，进销匹配差异=0.31，客户HHI=0.748，供应商HHI=0.084,否,,否,,放贷,50,50.000000,50,0.110500,0.711101
E278,***贸易有限公司,类B,65.017578,较低风险,信用得分=65.02，有效销项金额=13017866.00，毛利率=15.19%，有效经营月份=38，最大作废率=6.72%，最大负数率=0.84%，进销匹配差异=0.15，客户HHI=0.138，供应商HHI=0.057,否,,否,,放贷,68.515821,80.000000,68.515821,0.070500,0.458295
E279,***环保包装有限公司,类C,56.904610,中风险,信用得分=56.90，有效销项金额=22943219.65，毛利率=27.24%，有效经营月份=30，最大作废率=4.94%，最大负数率=6.27%，进销匹配差异=0.27，客户HHI=0.844，供应商HHI=0.120,否,,否,,资金不足未放贷,50,50.000000,0.000000,0.110500,0.711101
E280,个体经营E280 ,类B,68.786736,较低风险,信用得分=68.79，有效销项金额=17080553.21，毛利率=28.42%，有效经营月份=36，最大作废率=6.63%，最大负数率=0.68%，进销匹配差异=0.28，客户HHI=0.035，供应商HHI=0.092,否,,否,,放贷,71.908063,80.000000,71.908063,0.070500,0.458295
E281,***商业管理有限责任公司,类C,58.732262,中风险,信用得分=58.73，有效销项金额=16333110.18，毛利率=-20.18%，有效经营月份=34，最大作废率=5.65%，最大负数率=0.52%，进销匹配差异=0.20，客户HHI=0.207，供应商HHI=0.304,否,,否,,放贷,50,50.000000,50,0.110500,0.711101
E282,***影城有限公司***分公司,类C,59.762700,中风险,信用得分=59.76，有效销项金额=21071603.49，毛利率=43.16%，有效经营月份=38，最大作废率=27.74%，最大负数率=2.39%，进销匹配差异=0.43，客户HHI=0.098，供应商HHI=0.522,否,,是,最大作废率27.74% > 25%,资金不足未放贷,30.000000,30.000000,0.000000,0.110500,0.711101
E283,***机械铸造有限责任公司,类B,67.863391,较低风险,信用得分=67.86，有效销项金额=19645465.23，毛利率=22.64%，有效经营月份=37，最大作废率=4.43%，最大负数率=0.00%，进销匹配差异=0.23，客户HHI=0.148，供应商HHI=0.103,否,,否,,放贷,71.077052,80.000000,71.077052,0.070500,0.458295
E284,***成焊科技有限公司,类B,66.511638,较低风险,信用得分=66.51，有效销项金额=16027714.88，毛利率=33.13%，有效经营月份=38，最大作废率=7.94%，最大负数率=0.47%，进销匹配差异=0.33，客户HHI=0.330，供应商HHI=0.083,否,,否,,放贷,69.860474,80.000000,69.860474,0.070500,0.458295
E285,个体经营E285 ,类C,60.256161,中风险,信用得分=60.26，有效销项金额=30216720.82，毛利率=46.79%，有效经营月份=36，最大作废率=18.79%，最大负数率=1.24%，进销匹配差异=0.47，客户HHI=0.070，供应商HHI=0.070,否,,否,,放贷,50,50.000000,50,0.110500,0.711101
E286,***印务有限公司,类C,54.187776,中风险,信用得分=54.19，有效销项金额=12127861.53，毛利率=6.88%，有效经营月份=24，最大作废率=22.87%，最大负数率=1.94%，进销匹配差异=0.07，客户HHI=0.147，供应商HHI=0.080,否,,否,,资金不足未放贷,50,50.000000,0.000000,0.110500,0.711101
E287,***鞋材有限公司,类B,65.363931,较低风险,信用得分=65.36，有效销项金额=15043409.13，毛利率=5.08%，有效经营月份=37，最大作废率=13.59%，最大负数率=0.65%，进销匹配差异=0.05，客户HHI=0.130，供应商HHI=0.061,否,,否,,放贷,68.827538,80.000000,68.827538,0.070500,0.458295
E288,个体经营E288 ,类C,57.736864,中风险,信用得分=57.74，有效销项金额=16013736.53，毛利率=17.66%，有效经营月份=34，最大作废率=22.08%，最大负数率=1.30%，进销匹配差异=0.18，客户HHI=0.125，供应商HHI=0.188,否,,否,,放贷,50,50.000000,50,0.110500,0.711101
E289,***运业有限公司***分公司,类B,68.053159,较低风险,信用得分=68.05，有效销项金额=21051602.52，毛利率=65.63%，有效经营月份=38，最大作废率=6.67%，最大负数率=1.43%，进销匹配差异=0.66，客户HHI=0.081，供应商HHI=0.174,否,,否,,放贷,71.247843,80.000000,71.247843,0.070500,0.458295
E290,***机电有限公司,类C,59.516692,中风险,信用得分=59.52，有效销项金额=16894268.32，毛利率=68.59%，有效经营月份=38，最大作废率=12.18%，最大负数率=1.69%，进销匹配差异=0.69，客户HHI=0.133，供应商HHI=0.045,否,,否,,放贷,50,50.000000,50,0.110500,0.711101
E291,***文业建设工程有限公司,类D,33.171748,高风险,信用得分=33.17，有效销项金额=11223475.72，毛利率=-49.84%，有效经营月份=30，最大作废率=20.37%，最大负数率=2.29%，进销匹配差异=0.50，客户HHI=0.941，供应商HHI=0.559,否,,是,信用得分33.17 < 50,资金不足未放贷,30,30.000000,0.000000,0.122500,0.784481
E292,***物流有限公司,类B,63.272470,中风险,信用得分=63.27，有效销项金额=11604986.87，毛利率=41.10%，有效经营月份=34，最大作废率=3.58%，最大负数率=0.15%，进销匹配差异=0.41，客户HHI=0.211，供应商HHI=0.197,否,,否,,放贷,50,50.000000,50,0.106500,0.705316
E293,***物资有限公司,类C,53.390787,中风险,信用得分=53.39，有效销项金额=7696185.75，毛利率=2.40%，有效经营月份=37，最大作废率=8.55%，最大负数率=0.00%，进销匹配差异=0.02，客户HHI=0.637，供应商HHI=0.664,否,,否,,资金不足未放贷,50,50.000000,0.000000,0.110500,0.711101
E294,个体经营E294 ,类C,57.325465,中风险,信用得分=57.33，有效销项金额=22641319.89，毛利率=81.94%，有效经营月份=36，最大作废率=13.65%，最大负数率=0.46%，进销匹配差异=0.82，客户HHI=0.072，供应商HHI=0.082,否,,否,,资金不足未放贷,50,50.000000,0.000000,0.110500,0.711101
E295,***电器设备制造有限公司,类B,63.046554,中风险,信用得分=63.05，有效销项金额=13675456.42，毛利率=18.27%，有效经营月份=37，最大作废率=17.93%，最大负数率=1.20%，进销匹配差异=0.18，客户HHI=0.058，供应商HHI=0.069,否,,否,,放贷,50,50.000000,50,0.106500,0.705316
E296,***装饰设计工程有限公司,类D,45.668898,高风险,信用得分=45.67，有效销项金额=12371267.16，毛利率=56.01%，有效经营月份=30，最大作废率=13.10%，最大负数率=7.54%，进销匹配差异=0.56，客户HHI=0.395，供应商HHI=0.043,否,,是,信用得分45.67 < 50,资金不足未放贷,30,30.000000,0.000000,0.122500,0.784481
E297,***建筑机械租赁有限公司,类C,50.792493,中风险,信用得分=50.79，有效销项金额=13646000.04，毛利率=24.54%，有效经营月份=18，最大作废率=11.48%，最大负数率=0.00%，进销匹配差异=0.25，客户HHI=0.489，供应商HHI=0.584,否,,否,,资金不足未放贷,50,50.000000,0.000000,0.110500,0.711101
E298,***电器维护服务有限公司,类C,60.098806,中风险,信用得分=60.10，有效销项金额=16228313.17，毛利率=66.28%，有效经营月份=38，最大作废率=13.40%，最大负数率=1.14%，进销匹配差异=0.66，客户HHI=0.292，供应商HHI=0.103,否,,否,,放贷,50,50.000000,50,0.110500,0.711101
E299,***压缩天然气有限责任公司,类C,58.500412,中风险,信用得分=58.50，有效销项金额=19682705.99，毛利率=-22.90%，有效经营月份=38，最大作废率=9.17%，最大负数率=1.10%，进销匹配差异=0.23，客户HHI=0.323，供应商HHI=0.419,否,,否,,放贷,50,50.000000,50,0.110500,0.711101
E300,***建设工程有限公司,类C,60.689551,中风险,信用得分=60.69，有效销项金额=18538935.79，毛利率=20.47%，有效经营月份=35，最大作废率=9.35%，最大负数率=1.63%，进销匹配差异=0.20，客户HHI=0.155，供应商HHI=0.061,否,,否,,放贷,50,50.000000,50,0.110500,0.711101
E301,***企业管理咨询有限公司,类B,64.438290,中风险,信用得分=64.44，有效销项金额=15413221.30，毛利率=74.57%，有效经营月份=36，最大作废率=6.55%，最大负数率=1.75%，进销匹配差异=0.75，客户HHI=0.113，供应商HHI=0.066,否,,否,,放贷,50,50.000000,50,0.106500,0.705316
E302,***机电设备有限公司,类C,58.709174,中风险,信用得分=58.71，有效销项金额=9362480.97，毛利率=66.69%，有效经营月份=38，最大作废率=9.69%，最大负数率=0.84%，进销匹配差异=0.67，客户HHI=0.093，供应商HHI=0.098,否,,否,,放贷,50,50.000000,50,0.110500,0.711101
E303,***图书发行有限公司,类C,52.266302,中风险,信用得分=52.27，有效销项金额=16347545.81，毛利率=86.68%，有效经营月份=38，最大作废率=12.50%，最大负数率=0.28%，进销匹配差异=0.87，客户HHI=0.106，供应商HHI=0.295,否,,否,,资金不足未放贷,50,50.000000,0.000000,0.110500,0.711101
E304,***环保科技有限公司,类C,57.104866,中风险,信用得分=57.10，有效销项金额=9378613.35，毛利率=-79.26%，有效经营月份=37，最大作废率=7.58%，最大负数率=0.16%，进销匹配差异=0.79，客户HHI=0.047，供应商HHI=0.210,否,,否,,资金不足未放贷,50,50.000000,0.000000,0.110500,0.711101
E305,***劳务有限公司,类C,58.399670,中风险,信用得分=58.40，有效销项金额=47837106.24，毛利率=59.42%，有效经营月份=37，最大作废率=10.58%，最大负数率=0.56%，进销匹配差异=0.59，客户HHI=0.335，供应商HHI=0.395,否,,否,,放贷,50,50.000000,50,0.110500,0.711101
E306,个体经营E306 ,类C,55.906821,中风险,信用得分=55.91，有效销项金额=12549784.60，毛利率=71.26%，有效经营月份=34，最大作废率=13.87%，最大负数率=2.09%，进销匹配差异=0.71，客户HHI=0.079，供应商HHI=0.230,否,,否,,资金不足未放贷,50,50.000000,0.000000,0.110500,0.711101
E307,***通信工程有限公司,类C,50.407160,中风险,信用得分=50.41，有效销项金额=6136165.47，毛利率=49.82%，有效经营月份=33，最大作废率=14.78%，最大负数率=0.00%，进销匹配差异=0.50，客户HHI=0.324，供应商HHI=0.413,否,,否,,资金不足未放贷,50,50.000000,0.000000,0.110500,0.711101
E308,***餐饮文化服务有限公司,类B,66.306107,较低风险,信用得分=66.31，有效销项金额=11938831.56，毛利率=31.18%，有效经营月份=37，最大作废率=19.95%，最大负数率=1.75%，进销匹配差异=0.31，客户HHI=0.001，供应商HHI=0.070,否,,否,,放贷,69.675496,80.000000,69.675496,0.070500,0.458295
E309,个体经营E309 ,类C,57.519071,中风险,信用得分=57.52，有效销项金额=12733306.41，毛利率=49.95%，有效经营月份=35，最大作废率=18.48%，最大负数率=1.42%，进销匹配差异=0.50，客户HHI=0.093，供应商HHI=0.080,否,,否,,资金不足未放贷,50,50.000000,0.000000,0.110500,0.711101
E310,***律师事务所,类B,67.879138,较低风险,信用得分=67.88，有效销项金额=11111512.29，毛利率=66.92%，有效经营月份=31，最大作废率=5.92%，最大负数率=3.01%，进销匹配差异=0.67，客户HHI=0.024，供应商HHI=0.057,否,,否,,放贷,71.091224,80.000000,71.091224,0.070500,0.458295
E311,***律师事务所,类C,55.723642,中风险,信用得分=55.72，有效销项金额=10671429.46，毛利率=81.29%，有效经营月份=27，最大作废率=11.99%，最大负数率=4.07%，进销匹配差异=0.81，客户HHI=0.048，供应商HHI=0.052,否,,否,,资金不足未放贷,50,50.000000,0.000000,0.110500,0.711101
E312,***家居用品有限公司,类C,56.569413,中风险,信用得分=56.57，有效销项金额=12251621.22，毛利率=-501.34%，有效经营月份=37，最大作废率=4.71%，最大负数率=2.20%，进销匹配差异=5.01，客户HHI=0.164，供应商HHI=0.065,是,进销匹配差异5.01 > 4,否,,不放贷,0.000000,0.000000,0.000000,0.000000,0.000000
E313,***物流有限公司,类B,62.580308,中风险,信用得分=62.58，有效销项金额=13222546.68，毛利率=46.49%，有效经营月份=38，最大作废率=6.06%，最大负数率=2.69%，进销匹配差异=0.46，客户HHI=0.198，供应商HHI=0.191,否,,否,,放贷,50,50.000000,50,0.106500,0.705316
E314,***房地产营销策划有限公司,类C,53.459178,中风险,信用得分=53.46，有效销项金额=7405442.54，毛利率=59.87%，有效经营月份=36，最大作废率=13.39%，最大负数率=3.12%，进销匹配差异=0.60，客户HHI=0.293，供应商HHI=0.335,否,,否,,资金不足未放贷,50,50.000000,0.000000,0.110500,0.711101
E315,***轮胎有限公司,类C,60.690578,中风险,信用得分=60.69，有效销项金额=11439913.57，毛利率=81.29%，有效经营月份=38，最大作废率=3.09%，最大负数率=1.03%，进销匹配差异=0.81，客户HHI=0.148，供应商HHI=0.058,否,,否,,放贷,50,50.000000,50,0.110500,0.711101
E316,个体经营E316 ,类C,51.399045,中风险,信用得分=51.40，有效销项金额=10820742.97，毛利率=76.75%，有效经营月份=36，最大作废率=11.40%，最大负数率=2.85%，进销匹配差异=0.77，客户HHI=0.530，供应商HHI=0.090,否,,否,,资金不足未放贷,50,50.000000,0.000000,0.110500,0.711101
E317,***科技有限公司,类D,44.783117,高风险,信用得分=44.78，有效销项金额=5715048.96，毛利率=71.34%，有效经营月份=32，最大作废率=18.18%，最大负数率=4.78%，进销匹配差异=0.71，客户HHI=0.079，供应商HHI=0.104,否,,是,信用得分44.78 < 50,资金不足未放贷,30,30.000000,0.000000,0.122500,0.784481
E318,***商贸有限公司,类C,51.035691,中风险,信用得分=51.04，有效销项金额=11136065.79，毛利率=89.34%，有效经营月份=38，最大作废率=14.67%，最大负数率=0.67%，进销匹配差异=0.89，客户HHI=0.202，供应商HHI=0.304,否,,否,,资金不足未放贷,50,50.000000,0.000000,0.110500,0.711101
E319,个体经营E319 ,类B,67.864245,较低风险,信用得分=67.86，有效销项金额=13556534.74，毛利率=46.40%，有效经营月份=36，最大作废率=6.87%，最大负数率=0.81%，进销匹配差异=0.46，客户HHI=0.032，供应商HHI=0.090,否,,否,,放贷,71.077820,80.000000,71.077820,0.070500,0.458295
E320,***建筑设计有限公司,类C,55.309493,中风险,信用得分=55.31，有效销项金额=8499217.04，毛利率=21.21%，有效经营月份=30，最大作废率=6.12%，最大负数率=0.00%，进销匹配差异=0.21，客户HHI=0.466，供应商HHI=0.645,否,,否,,资金不足未放贷,50,50.000000,0.000000,0.110500,0.711101
E321,***生物流有限公司,类C,56.011230,中风险,信用得分=56.01，有效销项金额=11319199.69，毛利率=54.52%，有效经营月份=37，最大作废率=14.52%，最大负数率=1.59%，进销匹配差异=0.55，客户HHI=0.037，供应商HHI=0.657,否,,否,,资金不足未放贷,50,50.000000,0.000000,0.110500,0.711101
E322,***装饰工程设计有限公司,类C,61.170504,中风险,信用得分=61.17，有效销项金额=10070044.29，毛利率=9.99%，有效经营月份=30，最大作废率=5.45%，最大负数率=5.00%，进销匹配差异=0.10，客户HHI=0.235，供应商HHI=0.088,否,,否,,放贷,50,50.000000,50,0.110500,0.711101
E323,***建筑装饰工程有限公司,类C,48.765690,高风险,信用得分=48.77，有效销项金额=5482348.52，毛利率=27.10%，有效经营月份=26，最大作废率=29.09%，最大负数率=0.80%，进销匹配差异=0.27，客户HHI=0.382，供应商HHI=0.076,否,,是,信用得分48.77 < 50；最大作废率29.09% > 25%,资金不足未放贷,30,30.000000,0.000000,0.122500,0.784481
E324,***汽贸有限公司,类D,39.028611,高风险,信用得分=39.03，有效销项金额=13801263.37，毛利率=-475.07%，有效经营月份=37，最大作废率=18.51%，最大负数率=1.44%，进销匹配差异=4.75，客户HHI=0.405，供应商HHI=0.266,是,进销匹配差异4.75 > 4,否,,不放贷,0.000000,0.000000,0.000000,0.000000,0.000000
E325,***通讯器材有限公司,类C,52.377366,中风险,信用得分=52.38，有效销项金额=11491404.96，毛利率=-171.84%，有效经营月份=38，最大作废率=4.28%，最大负数率=2.26%，进销匹配差异=1.72，客户HHI=0.149，供应商HHI=0.578,否,,否,,资金不足未放贷,50,50.000000,0.000000,0.110500,0.711101
E326,***包装材料有限公司,类B,64.551391,中风险,信用得分=64.55，有效销项金额=11078618.60，毛利率=20.35%，有效经营月份=34，最大作废率=8.59%，最大负数率=0.00%，进销匹配差异=0.20，客户HHI=0.184，供应商HHI=0.092,否,,否,,放贷,50,50.000000,50,0.106500,0.705316
E327,个体经营E327 ,类C,58.770822,中风险,信用得分=58.77，有效销项金额=17995408.78，毛利率=40.31%，有效经营月份=36，最大作废率=7.38%，最大负数率=0.37%，进销匹配差异=0.40，客户HHI=0.852，供应商HHI=0.187,否,,否,,放贷,50,50.000000,50,0.110500,0.711101
E328,***科技有限公司,类C,51.844135,中风险,信用得分=51.84，有效销项金额=8339064.06，毛利率=72.52%，有效经营月份=30，最大作废率=12.20%，最大负数率=2.44%，进销匹配差异=0.73，客户HHI=0.089，供应商HHI=0.160,否,,否,,资金不足未放贷,50,50.000000,0.000000,0.110500,0.711101
E329,***园艺有限责任公司,类D,41.614478,高风险,信用得分=41.61，有效销项金额=11070606.10，毛利率=99.99%，有效经营月份=19，最大作废率=3.88%，最大负数率=0.00%，进销匹配差异=1.00，客户HHI=0.236，供应商HHI=0.293,否,,是,信用得分41.61 < 50,资金不足未放贷,30,30.000000,0.000000,0.122500,0.784481
E330,***酒店管理有限公司,类B,67.892192,较低风险,信用得分=67.89，有效销项金额=8297018.33，毛利率=67.50%，有效经营月份=38，最大作废率=2.18%，最大负数率=0.44%，进销匹配差异=0.68，客户HHI=0.250，供应商HHI=0.075,否,,否,,放贷,71.102973,80.000000,71.102973,0.070500,0.458295
E331,***广告有限公司,类C,49.853727,高风险,信用得分=49.85，有效销项金额=6039945.03，毛利率=80.17%，有效经营月份=35，最大作废率=7.37%，最大负数率=3.16%，进销匹配差异=0.80，客户HHI=0.289，供应商HHI=0.112,否,,是,信用得分49.85 < 50,资金不足未放贷,30,30.000000,0.000000,0.122500,0.784481
E332,***商贸有限公司,类C,60.079114,中风险,信用得分=60.08，有效销项金额=30588960.18，毛利率=47.06%，有效经营月份=37，最大作废率=2.58%，最大负数率=0.77%，进销匹配差异=0.47，客户HHI=0.778，供应商HHI=0.198,否,,否,,放贷,50,50.000000,50,0.110500,0.711101
E333,***房地产营销策划有限公司,类C,52.231662,中风险,信用得分=52.23，有效销项金额=7120404.60，毛利率=81.55%，有效经营月份=34，最大作废率=7.30%，最大负数率=0.73%，进销匹配差异=0.82，客户HHI=0.608，供应商HHI=0.118,否,,否,,资金不足未放贷,50,50.000000,0.000000,0.110500,0.711101
E334,***机械科技有限公司,类C,55.671128,中风险,信用得分=55.67，有效销项金额=7529936.97，毛利率=27.61%，有效经营月份=31，最大作废率=6.09%，最大负数率=3.05%，进销匹配差异=0.28，客户HHI=0.600，供应商HHI=0.413,否,,否,,资金不足未放贷,50,50.000000,0.000000,0.110500,0.711101
E335,***挖掘机租赁经营部,类C,49.359984,高风险,信用得分=49.36，有效销项金额=5453445.84，毛利率=40.49%，有效经营月份=23，最大作废率=20.00%，最大负数率=0.00%，进销匹配差异=0.40，客户HHI=0.349，供应商HHI=0.365,否,,是,信用得分49.36 < 50,资金不足未放贷,30,30.000000,0.000000,0.122500,0.784481
E336,***猕猴桃专业合作社,类D,28.681112,高风险,信用得分=28.68，有效销项金额=2876876.50，毛利率=90.89%，有效经营月份=14，最大作废率=9.43%，最大负数率=0.00%，进销匹配差异=0.91，客户HHI=0.379，供应商HHI=0.992,否,,是,信用得分28.68 < 50,资金不足未放贷,30,30.000000,0.000000,0.122500,0.784481
E337,个体经营E337 ,类C,53.004317,中风险,信用得分=53.00，有效销项金额=11315825.15，毛利率=97.41%，有效经营月份=36，最大作废率=10.08%，最大负数率=0.93%，进销匹配差异=0.97，客户HHI=0.062，供应商HHI=0.267,否,,否,,资金不足未放贷,50,50.000000,0.000000,0.110500,0.711101
E338,***商贸有限公司,类C,49.092250,高风险,信用得分=49.09，有效销项金额=7358057.11，毛利率=92.24%，有效经营月份=33，最大作废率=7.87%，最大负数率=0.79%，进销匹配差异=0.92，客户HHI=0.308，供应商HHI=0.090,否,,是,信用得分49.09 < 50,资金不足未放贷,30,30.000000,0.000000,0.122500,0.784481
E339,***居益卫浴家俬厂,类C,58.102888,中风险,信用得分=58.10，有效销项金额=3899767.09，毛利率=25.82%，有效经营月份=23，最大作废率=4.55%，最大负数率=2.27%，进销匹配差异=0.26，客户HHI=0.125，供应商HHI=0.179,否,,否,,放贷,50,50.000000,50,0.110500,0.711101
E340,***物流有限公司,类D,36.795452,高风险,信用得分=36.80，有效销项金额=6827724.23，毛利率=99.57%，有效经营月份=32，最大作废率=16.46%，最大负数率=6.71%，进销匹配差异=1.00，客户HHI=0.079，供应商HHI=0.911,否,,是,信用得分36.80 < 50,资金不足未放贷,30,30.000000,0.000000,0.122500,0.784481
E341,***纺织品有限公司,类C,48.948600,高风险,信用得分=48.95，有效销项金额=3378699.30，毛利率=57.53%，有效经营月份=17，最大作废率=8.00%，最大负数率=0.00%，进销匹配差异=0.58，客户HHI=0.078，供应商HHI=0.893,否,,是,信用得分48.95 < 50,资金不足未放贷,30,30.000000,0.000000,0.122500,0.784481
E342,***裕华机械厂,类C,56.019019,中风险,信用得分=56.02，有效销项金额=4929621.64，毛利率=54.56%，有效经营月份=38，最大作废率=16.98%，最大负数率=0.63%，进销匹配差异=0.55，客户HHI=0.269，供应商HHI=0.100,否,,否,,资金不足未放贷,50,50.000000,0.000000,0.110500,0.711101
E343,***五金工具经营部,类D,41.830567,高风险,信用得分=41.83，有效销项金额=2551960.05，毛利率=99.97%，有效经营月份=37，最大作废率=7.39%，最大负数率=2.31%，进销匹配差异=1.00，客户HHI=0.431，供应商HHI=1.000,否,,是,信用得分41.83 < 50,资金不足未放贷,30,30.000000,0.000000,0.122500,0.784481
E344,***机械有限公司,类C,59.314480,中风险,信用得分=59.31，有效销项金额=2301371.92，毛利率=39.16%，有效经营月份=38，最大作废率=5.38%，最大负数率=5.38%，进销匹配差异=0.39，客户HHI=0.104，供应商HHI=0.268,否,,否,,放贷,50,50.000000,50,0.110500,0.711101
E345,***科技有限公司,类C,52.819057,中风险,信用得分=52.82，有效销项金额=2248406.59，毛利率=74.10%，有效经营月份=35，最大作废率=13.79%，最大负数率=0.00%，进销匹配差异=0.74，客户HHI=0.203，供应商HHI=0.089,否,,否,,资金不足未放贷,50,50.000000,0.000000,0.110500,0.711101
E346,个体经营E346 ,类B,67.316941,较低风险,信用得分=67.32，有效销项金额=2408534.78，毛利率=4.21%，有效经营月份=36，最大作废率=6.20%，最大负数率=1.41%，进销匹配差异=0.04，客户HHI=0.044，供应商HHI=0.107,否,,否,,放贷,70.585247,80.000000,70.585247,0.070500,0.458295
E347,***不锈钢材料有限公司,类C,56.428499,中风险,信用得分=56.43，有效销项金额=2117098.20，毛利率=53.96%，有效经营月份=37，最大作废率=19.05%，最大负数率=0.00%，进销匹配差异=0.54，客户HHI=0.062，供应商HHI=0.087,否,,否,,资金不足未放贷,50,50.000000,0.000000,0.110500,0.711101
E348,***酒店管理有限公司,类B,64.830849,中风险,信用得分=64.83，有效销项金额=2260862.78，毛利率=65.83%，有效经营月份=34，最大作废率=5.13%，最大负数率=2.50%，进销匹配差异=0.66，客户HHI=0.053，供应商HHI=0.151,否,,否,,放贷,50,50.000000,50,0.106500,0.705316
E349,***营销策划广告有限公司,类D,39.163351,高风险,信用得分=39.16，有效销项金额=3329073.81，毛利率=99.79%，有效经营月份=10，最大作废率=0.00%，最大负数率=0.00%，进销匹配差异=1.00，客户HHI=0.512，供应商HHI=0.255,否,,是,信用得分39.16 < 50,资金不足未放贷,30,30.000000,0.000000,0.122500,0.784481
E350,***演艺设备有限公司,类C,51.473212,中风险,信用得分=51.47，有效销项金额=1472460.75，毛利率=72.37%，有效经营月份=32，最大作废率=13.33%，最大负数率=1.67%，进销匹配差异=0.72，客户HHI=0.140，供应商HHI=0.084,否,,否,,资金不足未放贷,50,50.000000,0.000000,0.110500,0.711101
E351,***文化传播有限公司,类D,42.735423,高风险,信用得分=42.74，有效销项金额=1057514.98，毛利率=71.83%，有效经营月份=28，最大作废率=13.33%，最大负数率=0.99%，进销匹配差异=0.72，客户HHI=0.189，供应商HHI=0.490,否,,是,信用得分42.74 < 50,资金不足未放贷,30,30.000000,0.000000,0.122500,0.784481
E352,***居装饰工程有限公司,类D,43.606315,高风险,信用得分=43.61，有效销项金额=2649962.15，毛利率=-418.37%，有效经营月份=37，最大作废率=9.62%，最大负数率=1.62%，进销匹配差异=4.18，客户HHI=0.034，供应商HHI=0.121,是,进销匹配差异4.18 > 4,否,,不放贷,0.000000,0.000000,0.000000,0.000000,0.000000
E353,***税务师事务所有限公司,类C,48.519101,高风险,信用得分=48.52，有效销项金额=2734142.36，毛利率=88.35%，有效经营月份=34，最大作废率=15.00%，最大负数率=5.00%，进销匹配差异=0.88，客户HHI=0.064，供应商HHI=0.069,否,,是,信用得分48.52 < 50,资金不足未放贷,30,30.000000,0.000000,0.122500,0.784481
E354,***广告有限公司,类C,51.837407,中风险,信用得分=51.84，有效销项金额=2217049.23，毛利率=73.39%，有效经营月份=35，最大作废率=9.29%，最大负数率=2.17%，进销匹配差异=0.73，客户HHI=0.118，供应商HHI=0.378,否,,否,,资金不足未放贷,50,50.000000,0.000000,0.110500,0.711101
E355,***地毯经营部,类C,48.205640,高风险,信用得分=48.21，有效销项金额=1194335.28，毛利率=57.69%，有效经营月份=26，最大作废率=25.00%，最大负数率=0.00%，进销匹配差异=0.58，客户HHI=0.040，供应商HHI=0.998,否,,是,信用得分48.21 < 50,资金不足未放贷,30,30.000000,0.000000,0.122500,0.784481
E356,***建材装饰部,类D,39.592312,高风险,信用得分=39.59，有效销项金额=1507883.02，毛利率=98.93%，有效经营月份=27，最大作废率=1.05%，最大负数率=0.00%，进销匹配差异=0.99，客户HHI=0.843，供应商HHI=0.937,否,,是,信用得分39.59 < 50,资金不足未放贷,30,30.000000,0.000000,0.122500,0.784481
E357,***家居经营部,类D,37.311743,高风险,信用得分=37.31，有效销项金额=1330097.04，毛利率=95.31%，有效经营月份=26，最大作废率=6.49%，最大负数率=10.00%，进销匹配差异=0.95，客户HHI=0.241，供应商HHI=0.589,否,,是,信用得分37.31 < 50,资金不足未放贷,30,30.000000,0.000000,0.122500,0.784481
E358,***五金经营部,类D,34.522352,高风险,信用得分=34.52，有效销项金额=1604256.98，毛利率=99.97%，有效经营月份=26，最大作废率=13.95%，最大负数率=11.30%，进销匹配差异=1.00，客户HHI=0.163，供应商HHI=1.000,否,,是,信用得分34.52 < 50,资金不足未放贷,30,30.000000,0.000000,0.122500,0.784481
E359,***厨房用品经营部,类D,40.707065,高风险,信用得分=40.71，有效销项金额=1190765.02，毛利率=99.96%，有效经营月份=24，最大作废率=7.82%，最大负数率=1.23%，进销匹配差异=1.00，客户HHI=0.096，供应商HHI=1.000,否,,是,信用得分40.71 < 50,资金不足未放贷,30,30.000000,0.000000,0.122500,0.784481
E360,***建筑劳务有限公司,类D,22.758937,高风险,信用得分=22.76，有效销项金额=2610374.92，毛利率=99.97%，有效经营月份=6，最大作废率=17.14%，最大负数率=0.00%，进销匹配差异=1.00，客户HHI=0.695，供应商HHI=1.000,否,,是,信用得分22.76 < 50,资金不足未放贷,30,30.000000,0.000000,0.122500,0.784481
E361,***勘察设计工程有限公司,类C,51.304774,中风险,信用得分=51.30，有效销项金额=4901439.63，毛利率=33.71%，有效经营月份=28，最大作废率=23.73%，最大负数率=0.00%，进销匹配差异=0.34，客户HHI=0.120，供应商HHI=0.221,否,,否,,资金不足未放贷,50,50.000000,0.000000,0.110500,0.711101
E362,***建材有限公司,类D,41.419825,高风险,信用得分=41.42，有效销项金额=4207637.88，毛利率=90.21%，有效经营月份=34，最大作废率=9.52%，最大负数率=3.81%，进销匹配差异=0.90，客户HHI=0.184，供应商HHI=0.124,否,,是,信用得分41.42 < 50,资金不足未放贷,30,30.000000,0.000000,0.122500,0.784481
E363,***建筑工程设计有限公司,类D,38.491665,高风险,信用得分=38.49，有效销项金额=1072700.23，毛利率=81.22%，有效经营月份=26，最大作废率=23.08%，最大负数率=4.04%，进销匹配差异=0.81，客户HHI=0.316，供应商HHI=0.102,否,,是,信用得分38.49 < 50,资金不足未放贷,30,30.000000,0.000000,0.122500,0.784481
E364,***电子有限公司,类C,54.116546,中风险,信用得分=54.12，有效销项金额=2029007.68，毛利率=78.64%，有效经营月份=38，最大作废率=8.06%，最大负数率=3.57%，进销匹配差异=0.79，客户HHI=0.043，供应商HHI=0.186,否,,否,,资金不足未放贷,50,50.000000,0.000000,0.110500,0.711101
E365,***信息技术有限公司,类C,50.629643,中风险,信用得分=50.63，有效销项金额=3453091.74，毛利率=46.49%，有效经营月份=35，最大作废率=13.64%，最大负数率=0.77%，进销匹配差异=0.46，客户HHI=0.241，供应商HHI=0.575,否,,否,,资金不足未放贷,50,50.000000,0.000000,0.110500,0.711101
E366,***房地产经纪有限公司,类D,43.116516,高风险,信用得分=43.12，有效销项金额=1430221.00，毛利率=74.71%，有效经营月份=19，最大作废率=5.00%，最大负数率=0.00%，进销匹配差异=0.75，客户HHI=0.314，供应商HHI=0.980,否,,是,信用得分43.12 < 50,资金不足未放贷,30,30.000000,0.000000,0.122500,0.784481
E367,***电子商务有限公司,类D,38.897502,高风险,信用得分=38.90，有效销项金额=1996948.94，毛利率=88.56%，有效经营月份=25，最大作废率=8.00%，最大负数率=4.65%，进销匹配差异=0.89，客户HHI=0.208，供应商HHI=0.866,否,,是,信用得分38.90 < 50,资金不足未放贷,30,30.000000,0.000000,0.122500,0.784481
E368,***通信科技有限责任公司,类D,36.304898,高风险,信用得分=36.30，有效销项金额=818690.09，毛利率=62.96%，有效经营月份=24，最大作废率=31.25%，最大负数率=3.12%，进销匹配差异=0.63，客户HHI=0.323，供应商HHI=0.266,否,,是,信用得分36.30 < 50；最大作废率31.25% > 25%,资金不足未放贷,30,30.000000,0.000000,0.122500,0.784481
E369,***网络技术有限公司,类C,58.476331,中风险,信用得分=58.48，有效销项金额=1416940.03，毛利率=55.04%，有效经营月份=36，最大作废率=6.54%，最大负数率=0.93%，进销匹配差异=0.55，客户HHI=0.240，供应商HHI=0.116,否,,否,,放贷,50,50.000000,50,0.110500,0.711101
E370,***设计服务部,类D,37.383399,高风险,信用得分=37.38，有效销项金额=2021150.33，毛利率=99.96%，有效经营月份=28，最大作废率=25.00%，最大负数率=1.81%，进销匹配差异=1.00，客户HHI=0.083，供应商HHI=0.551,否,,是,信用得分37.38 < 50,资金不足未放贷,30,30.000000,0.000000,0.122500,0.784481
E371,***自动化科技有限公司,类D,39.563105,高风险,信用得分=39.56，有效销项金额=1237223.20，毛利率=84.95%，有效经营月份=24，最大作废率=18.75%，最大负数率=0.00%，进销匹配差异=0.85，客户HHI=0.213，供应商HHI=0.123,否,,是,信用得分39.56 < 50,资金不足未放贷,30,30.000000,0.000000,0.122500,0.784481
E372,***汽车维修有限责任公司,类C,57.767707,中风险,信用得分=57.77，有效销项金额=2065282.13，毛利率=73.43%，有效经营月份=38，最大作废率=8.53%，最大负数率=3.58%，进销匹配差异=0.73，客户HHI=0.140，供应商HHI=0.092,否,,否,,放贷,50,50.000000,50,0.110500,0.711101
E373,个体经营E373 ,类D,41.339160,高风险,信用得分=41.34，有效销项金额=1320702.46，毛利率=-1396.63%，有效经营月份=36，最大作废率=2.68%，最大负数率=0.23%，进销匹配差异=13.97，客户HHI=0.299，供应商HHI=0.126,是,进销匹配差异13.97 > 4,否,,不放贷,0.000000,0.000000,0.000000,0.000000,0.000000
E374,***建材经营部,类D,36.693821,高风险,信用得分=36.69，有效销项金额=1268347.17，毛利率=96.28%，有效经营月份=23，最大作废率=18.07%，最大负数率=0.00%，进销匹配差异=0.96，客户HHI=0.073，供应商HHI=0.978,否,,是,信用得分36.69 < 50,资金不足未放贷,30,30.000000,0.000000,0.122500,0.784481
E375,***电器经营部,类C,50.467488,中风险,信用得分=50.47，有效销项金额=985964.72，毛利率=99.95%，有效经营月份=31，最大作废率=5.31%，最大负数率=0.00%，进销匹配差异=1.00，客户HHI=0.028，供应商HHI=1.000,否,,否,,资金不足未放贷,50,50.000000,0.000000,0.110500,0.711101
E376,***建筑装饰设计有限责任公司,类D,30.594879,高风险,信用得分=30.59，有效销项金额=566469.26，毛利率=98.88%，有效经营月份=14，最大作废率=15.09%，最大负数率=0.00%，进销匹配差异=0.99，客户HHI=0.233，供应商HHI=0.848,否,,是,信用得分30.59 < 50,资金不足未放贷,30,30.000000,0.000000,0.122500,0.784481
E377,***文化传播有限公司,类D,44.045545,高风险,信用得分=44.05，有效销项金额=779587.07，毛利率=68.45%，有效经营月份=33，最大作废率=33.33%，最大负数率=2.30%，进销匹配差异=0.68，客户HHI=0.101，供应商HHI=0.235,否,,是,信用得分44.05 < 50；最大作废率33.33% > 25%,资金不足未放贷,30,30.000000,0.000000,0.122500,0.784481
E378,***商贸有限公司,类D,42.659235,高风险,信用得分=42.66，有效销项金额=877931.62，毛利率=-34.25%，有效经营月份=34，最大作废率=17.68%，最大负数率=2.49%，进销匹配差异=0.34，客户HHI=0.125，供应商HHI=0.250,否,,是,信用得分42.66 < 50,资金不足未放贷,30,30.000000,0.000000,0.122500,0.784481
E379,***药业有限公司,类C,53.899936,中风险,信用得分=53.90，有效销项金额=2260264.93，毛利率=42.74%，有效经营月份=38，最大作废率=35.15%，最大负数率=0.78%，进销匹配差异=0.43，客户HHI=0.342，供应商HHI=0.215,否,,是,最大作废率35.15% > 25%,资金不足未放贷,30.000000,30.000000,0.000000,0.110500,0.711101
E380,***建材有限公司,类D,27.226100,高风险,信用得分=27.23，有效销项金额=1226591.11，毛利率=99.96%，有效经营月份=17，最大作废率=11.70%，最大负数率=8.51%，进销匹配差异=1.00，客户HHI=0.895，供应商HHI=0.500,否,,是,信用得分27.23 < 50,资金不足未放贷,30,30.000000,0.000000,0.122500,0.784481
E381,***通信网络工程有限公司,类D,35.269978,高风险,信用得分=35.27，有效销项金额=1495993.29，毛利率=-5562.09%，有效经营月份=37，最大作废率=3.13%，最大负数率=20.73%，进销匹配差异=55.62，客户HHI=0.175，供应商HHI=0.054,是,进销匹配差异55.62 > 4,否,,不放贷,0.000000,0.000000,0.000000,0.000000,0.000000
E382,***教育信息咨询有限公司***分公司,类D,45.076411,高风险,信用得分=45.08，有效销项金额=516453.40，毛利率=99.86%，有效经营月份=21，最大作废率=0.00%，最大负数率=0.00%，进销匹配差异=1.00，客户HHI=0.015，供应商HHI=0.530,否,,是,信用得分45.08 < 50,资金不足未放贷,30,30.000000,0.000000,0.122500,0.784481
E383,***通讯器材经营部,类D,32.882094,高风险,信用得分=32.88，有效销项金额=812322.31，毛利率=72.02%，有效经营月份=20，最大作废率=11.90%，最大负数率=5.56%，进销匹配差异=0.72，客户HHI=0.759，供应商HHI=0.873,否,,是,信用得分32.88 < 50,资金不足未放贷,30,30.000000,0.000000,0.122500,0.784481
E384,个体经营E384 ,类D,40.947684,高风险,信用得分=40.95，有效销项金额=2003973.71，毛利率=-26.60%，有效经营月份=35，最大作废率=15.62%，最大负数率=1.21%，进销匹配差异=0.27，客户HHI=0.642，供应商HHI=0.079,否,,是,信用得分40.95 < 50,资金不足未放贷,30,30.000000,0.000000,0.122500,0.784481
E385,***装饰工程有限公司,类D,32.285793,高风险,信用得分=32.29，有效销项金额=471838.44，毛利率=97.10%，有效经营月份=19，最大作废率=57.14%，最大负数率=3.57%，进销匹配差异=0.97，客户HHI=0.249，供应商HHI=0.279,是,最大作废率57.14% > 40%,否,,不放贷,0.000000,0.000000,0.000000,0.000000,0.000000
E386,个体经营E386 ,类D,35.872361,高风险,信用得分=35.87，有效销项金额=4145631.13，毛利率=95.58%，有效经营月份=27，最大作废率=18.18%，最大负数率=6.06%，进销匹配差异=0.96，客户HHI=0.388，供应商HHI=0.048,否,,是,信用得分35.87 < 50,资金不足未放贷,30,30.000000,0.000000,0.122500,0.784481
E387,***农副产品经营部,类D,39.394377,高风险,信用得分=39.39，有效销项金额=825146.78，毛利率=99.85%，有效经营月份=28，最大作废率=8.51%，最大负数率=0.00%，进销匹配差异=1.00，客户HHI=0.562，供应商HHI=1.000,否,,是,信用得分39.39 < 50,资金不足未放贷,30,30.000000,0.000000,0.122500,0.784481
E388,***商贸有限公司,类C,52.380877,中风险,信用得分=52.38，有效销项金额=1031505.40，毛利率=90.97%，有效经营月份=37，最大作废率=9.89%，最大负数率=0.34%，进销匹配差异=0.91，客户HHI=0.084，供应商HHI=0.309,否,,否,,资金不足未放贷,50,50.000000,0.000000,0.110500,0.711101
E389,***清洁服务有限公司,类D,33.957191,高风险,信用得分=33.96，有效销项金额=461618.42，毛利率=99.39%，有效经营月份=11，最大作废率=1.56%，最大负数率=0.00%，进销匹配差异=0.99，客户HHI=0.985，供应商HHI=0.740,否,,是,信用得分33.96 < 50,资金不足未放贷,30,30.000000,0.000000,0.122500,0.784481
E390,***建筑工程有限公司,类D,37.683930,高风险,信用得分=37.68，有效销项金额=794083.14，毛利率=99.13%，有效经营月份=13，最大作废率=0.00%，最大负数率=0.00%，进销匹配差异=0.99，客户HHI=1.000，供应商HHI=0.155,否,,是,信用得分37.68 < 50,资金不足未放贷,30,30.000000,0.000000,0.122500,0.784481
E391,***五金店,类C,49.916306,高风险,信用得分=49.92，有效销项金额=1313751.00，毛利率=99.94%，有效经营月份=38，最大作废率=9.14%，最大负数率=1.14%，进销匹配差异=1.00，客户HHI=0.056，供应商HHI=0.533,否,,是,信用得分49.92 < 50,资金不足未放贷,30,30.000000,0.000000,0.122500,0.784481
E392,***科技有限公司,类C,52.194603,中风险,信用得分=52.19，有效销项金额=1009536.89，毛利率=91.23%，有效经营月份=36，最大作废率=12.69%，最大负数率=0.77%，进销匹配差异=0.91，客户HHI=0.036，供应商HHI=0.184,否,,否,,资金不足未放贷,50,50.000000,0.000000,0.110500,0.711101
E393,***商贸有限责任公司,类C,58.743075,中风险,信用得分=58.74，有效销项金额=893770.03，毛利率=58.19%，有效经营月份=36，最大作废率=10.38%，最大负数率=1.65%，进销匹配差异=0.58，客户HHI=0.066，供应商HHI=0.532,否,,否,,放贷,50,50.000000,50,0.110500,0.711101
E394,***环保设计研究院（有限合伙）,类C,53.563152,中风险,信用得分=53.56，有效销项金额=1071989.32，毛利率=29.90%，有效经营月份=35，最大作废率=73.42%，最大负数率=0.91%，进销匹配差异=0.30，客户HHI=0.187，供应商HHI=0.076,是,最大作废率73.42% > 40%,否,,不放贷,0.000000,0.000000,0.000000,0.000000,0.000000
E395,***网络科技有限公司,类D,39.821139,高风险,信用得分=39.82，有效销项金额=1900800.64，毛利率=87.80%，有效经营月份=32，最大作废率=32.37%，最大负数率=2.19%，进销匹配差异=0.88，客户HHI=0.207，供应商HHI=0.205,否,,是,信用得分39.82 < 50；最大作废率32.37% > 25%,资金不足未放贷,30,30.000000,0.000000,0.122500,0.784481
E396,***文化传播有限公司,类C,54.463998,中风险,信用得分=54.46，有效销项金额=618130.35，毛利率=27.42%，有效经营月份=33，最大作废率=7.14%，最大负数率=4.29%，进销匹配差异=0.27，客户HHI=0.209，供应商HHI=0.081,否,,否,,资金不足未放贷,50,50.000000,0.000000,0.110500,0.711101
E397,***大闸蟹经营部,类D,39.065027,高风险,信用得分=39.07，有效销项金额=650214.96，毛利率=40.97%，有效经营月份=15，最大作废率=27.87%，最大负数率=0.00%，进销匹配差异=0.41，客户HHI=0.072，供应商HHI=0.873,否,,是,信用得分39.07 < 50；最大作废率27.87% > 25%,资金不足未放贷,30,30.000000,0.000000,0.122500,0.784481
E398,***医疗管理咨询有限公司,类D,43.419985,高风险,信用得分=43.42，有效销项金额=618867.38，毛利率=87.44%，有效经营月份=33，最大作废率=1.35%，最大负数率=0.00%，进销匹配差异=0.87，客户HHI=0.651，供应商HHI=0.221,否,,是,信用得分43.42 < 50,资金不足未放贷,30,30.000000,0.000000,0.122500,0.784481
E399,***装饰工程有限公司,类D,35.518678,高风险,信用得分=35.52，有效销项金额=442160.01，毛利率=95.89%，有效经营月份=26，最大作废率=21.05%，最大负数率=0.00%，进销匹配差异=0.96，客户HHI=0.250，供应商HHI=0.312,否,,是,信用得分35.52 < 50,资金不足未放贷,30,30.000000,0.000000,0.122500,0.784481
E400,***办公用品经营部,类D,42.264778,高风险,信用得分=42.26，有效销项金额=815647.97，毛利率=92.22%，有效经营月份=27，最大作废率=8.96%，最大负数率=0.00%，进销匹配差异=0.92，客户HHI=0.106，供应商HHI=0.574,否,,是,信用得分42.26 < 50,资金不足未放贷,30,30.000000,0.000000,0.122500,0.784481
E401,***遮阳技术发展中心,类D,41.625872,高风险,信用得分=41.63，有效销项金额=314030.71，毛利率=47.34%，有效经营月份=25，最大作废率=49.35%，最大负数率=0.00%，进销匹配差异=0.47，客户HHI=0.247，供应商HHI=0.302,是,最大作废率49.35% > 40%,否,,不放贷,0.000000,0.000000,0.000000,0.000000,0.000000
E402,***商贸有限公司,类D,40.023074,高风险,信用得分=40.02，有效销项金额=470389.58，毛利率=12.10%，有效经营月份=16，最大作废率=12.00%，最大负数率=8.00%，进销匹配差异=0.12，客户HHI=0.357，供应商HHI=0.994,否,,是,信用得分40.02 < 50,资金不足未放贷,30,30.000000,0.000000,0.122500,0.784481
E403,***机械有限公司,类C,48.602318,高风险,信用得分=48.60，有效销项金额=1197548.35，毛利率=92.45%，有效经营月份=37，最大作废率=12.86%，最大负数率=0.00%，进销匹配差异=0.92，客户HHI=0.318，供应商HHI=0.053,否,,是,信用得分48.60 < 50,资金不足未放贷,30,30.000000,0.000000,0.122500,0.784481
E404,个体经营E404 ,类D,37.627973,高风险,信用得分=37.63，有效销项金额=830292.22，毛利率=1.68%，有效经营月份=15，最大作废率=28.57%，最大负数率=0.00%，进销匹配差异=0.02，客户HHI=0.458，供应商HHI=0.234,否,,是,信用得分37.63 < 50；最大作废率28.57% > 25%,资金不足未放贷,30,30.000000,0.000000,0.122500,0.784481
E405,***职业技能服务有限公司,类D,28.308338,高风险,信用得分=28.31，有效销项金额=591433.00，毛利率=85.43%，有效经营月份=17，最大作废率=44.44%，最大负数率=0.00%，进销匹配差异=0.85，客户HHI=0.295，供应商HHI=0.891,是,最大作废率44.44% > 40%,否,,不放贷,0.000000,0.000000,0.000000,0.000000,0.000000
E406,***招投标代理有限公司,类D,37.120872,高风险,信用得分=37.12，有效销项金额=831766.44，毛利率=76.96%，有效经营月份=24，最大作废率=22.58%，最大负数率=3.23%，进销匹配差异=0.77，客户HHI=0.320，供应商HHI=0.152,否,,是,信用得分37.12 < 50,资金不足未放贷,30,30.000000,0.000000,0.122500,0.784481
E407,***装饰工程有限公司,类D,37.638615,高风险,信用得分=37.64，有效销项金额=1848944.65，毛利率=79.01%，有效经营月份=29，最大作废率=29.55%，最大负数率=4.55%，进销匹配差异=0.79，客户HHI=0.352，供应商HHI=0.221,否,,是,信用得分37.64 < 50；最大作废率29.55% > 25%,资金不足未放贷,30,30.000000,0.000000,0.122500,0.784481
E408,***空调制冷有限责任公司,类D,39.680227,高风险,信用得分=39.68，有效销项金额=522142.94，毛利率=88.45%，有效经营月份=26，最大作废率=18.75%，最大负数率=0.00%，进销匹配差异=0.88，客户HHI=0.274，供应商HHI=0.225,否,,是,信用得分39.68 < 50,资金不足未放贷,30,30.000000,0.000000,0.122500,0.784481
E409,***塑胶有限公司,类D,45.021483,高风险,信用得分=45.02，有效销项金额=216430.45，毛利率=78.26%，有效经营月份=26，最大作废率=10.89%，最大负数率=0.00%，进销匹配差异=0.78，客户HHI=0.086，供应商HHI=0.432,否,,是,信用得分45.02 < 50,资金不足未放贷,30,30.000000,0.000000,0.122500,0.784481
E410,***网络科技有限公司,类D,44.310989,高风险,信用得分=44.31，有效销项金额=406965.83，毛利率=95.88%，有效经营月份=29，最大作废率=1.52%，最大负数率=3.81%，进销匹配差异=0.96，客户HHI=0.078，供应商HHI=0.383,否,,是,信用得分44.31 < 50,资金不足未放贷,30,30.000000,0.000000,0.122500,0.784481
E411,***机电设备有限公司,类C,49.199637,高风险,信用得分=49.20，有效销项金额=260305.24，毛利率=5.59%，有效经营月份=33，最大作废率=30.93%，最大负数率=4.12%，进销匹配差异=0.06，客户HHI=0.098，供应商HHI=0.671,否,,是,信用得分49.20 < 50；最大作废率30.93% > 25%,资金不足未放贷,30,30.000000,0.000000,0.122500,0.784481
E412,***汽车贸易有限公司,类C,54.393521,中风险,信用得分=54.39，有效销项金额=320552.78，毛利率=79.44%，有效经营月份=35，最大作废率=8.05%，最大负数率=0.00%，进销匹配差异=0.79，客户HHI=0.032，供应商HHI=0.161,否,,否,,资金不足未放贷,50,50.000000,0.000000,0.110500,0.711101
E413,***石材工艺品有限公司,类D,30.998700,高风险,信用得分=31.00，有效销项金额=286978.87，毛利率=91.48%，有效经营月份=18，最大作废率=17.50%，最大负数率=0.00%，进销匹配差异=0.91，客户HHI=0.449，供应商HHI=0.249,否,,是,信用得分31.00 < 50,资金不足未放贷,30,30.000000,0.000000,0.122500,0.784481
E414,***物流有限责任公司***分公司,类D,30.685718,高风险,信用得分=30.69，有效销项金额=377087.37，毛利率=97.40%，有效经营月份=11，最大作废率=21.43%，最大负数率=0.00%，进销匹配差异=0.97，客户HHI=0.330，供应商HHI=0.445,否,,是,信用得分30.69 < 50,资金不足未放贷,30,30.000000,0.000000,0.122500,0.784481
E415,***广告设计服务部,类C,51.422690,中风险,信用得分=51.42，有效销项金额=85328.75，毛利率=79.91%，有效经营月份=23，最大作废率=0.00%，最大负数率=3.37%，进销匹配差异=0.80，客户HHI=0.011，供应商HHI=1.000,是,有效销项金额85328.75 <= 5%分位197251.46,否,,不放贷,0.000000,0.000000,0.000000,0.000000,0.000000
E416,***科技有限公司,类D,36.998630,高风险,信用得分=37.00，有效销项金额=209414.41，毛利率=49.64%，有效经营月份=13，最大作废率=12.50%，最大负数率=0.00%，进销匹配差异=0.50，客户HHI=0.404，供应商HHI=0.970,否,,是,信用得分37.00 < 50,资金不足未放贷,30,30.000000,0.000000,0.122500,0.784481
E417,***园林景观工程有限公司,类C,56.716854,中风险,信用得分=56.72，有效销项金额=161669.92，毛利率=4.10%，有效经营月份=31，最大作废率=0.78%，最大负数率=0.00%，进销匹配差异=0.04，客户HHI=0.517，供应商HHI=0.307,是,有效销项金额161669.92 <= 5%分位197251.46,否,,不放贷,0.000000,0.000000,0.000000,0.000000,0.000000
E418,***营销策划有限公司,类D,33.933980,高风险,信用得分=33.93，有效销项金额=425830.54，毛利率=89.13%，有效经营月份=20，最大作废率=13.04%，最大负数率=0.00%，进销匹配差异=0.89，客户HHI=0.365，供应商HHI=0.159,否,,是,信用得分33.93 < 50,资金不足未放贷,30,30.000000,0.000000,0.122500,0.784481
E419,***科技有限公司,类D,36.326319,高风险,信用得分=36.33，有效销项金额=52075.47，毛利率=-22522.68%，有效经营月份=38，最大作废率=1.99%，最大负数率=1.00%，进销匹配差异=225.23，客户HHI=0.601，供应商HHI=0.567,是,有效销项金额52075.47 <= 5%分位197251.46；进销匹配差异225.23 > 4,否,,不放贷,0.000000,0.000000,0.000000,0.000000,0.000000
E420,***康药房,类D,41.571604,高风险,信用得分=41.57，有效销项金额=71630.27，毛利率=-2518.59%，有效经营月份=32，最大作废率=9.52%，最大负数率=0.00%，进销匹配差异=25.19，客户HHI=0.028，供应商HHI=0.246,是,有效销项金额71630.27 <= 5%分位197251.46；进销匹配差异25.19 > 4,否,,不放贷,0.000000,0.000000,0.000000,0.000000,0.000000
E421,***保温材料有限公司,类D,33.891793,高风险,信用得分=33.89，有效销项金额=245700.76，毛利率=87.63%，有效经营月份=16，最大作废率=3.45%，最大负数率=0.00%，进销匹配差异=0.88，客户HHI=0.449，供应商HHI=0.852,否,,是,信用得分33.89 < 50,资金不足未放贷,30,30.000000,0.000000,0.122500,0.784481
E422,***童装店,类D,34.484379,高风险,信用得分=34.48，有效销项金额=27018.31，毛利率=96.71%，有效经营月份=14，最大作废率=10.00%，最大负数率=0.00%，进销匹配差异=0.97，客户HHI=0.132，供应商HHI=0.666,是,有效销项金额27018.31 <= 5%分位197251.46,否,,不放贷,0.000000,0.000000,0.000000,0.000000,0.000000
E423,***通风设备有限公司,类D,40.360457,高风险,信用得分=40.36，有效销项金额=72786.40，毛利率=16.13%，有效经营月份=17，最大作废率=14.29%，最大负数率=4.76%，进销匹配差异=0.16，客户HHI=0.390，供应商HHI=0.488,是,有效销项金额72786.40 <= 5%分位197251.46,否,,不放贷,0.000000,0.000000,0.000000,0.000000,0.000000
E424,***贸易有限公司,类D,21.767739,高风险,信用得分=21.77，有效销项金额=76896.42，毛利率=-230.74%，有效经营月份=18，最大作废率=13.95%，最大负数率=4.65%，进销匹配差异=2.31，客户HHI=0.684，供应商HHI=0.725,是,有效销项金额76896.42 <= 5%分位197251.46,否,,不放贷,0.000000,0.000000,0.000000,0.000000,0.000000
E425,***商贸有限公司,类D,37.436505,高风险,信用得分=37.44，有效销项金额=85126.21，毛利率=32.81%，有效经营月份=21，最大作废率=44.44%，最大负数率=2.54%，进销匹配差异=0.33，客户HHI=0.892，供应商HHI=0.083,是,有效销项金额85126.21 <= 5%分位197251.46；最大作废率44.44% > 40%,否,,不放贷,0.000000,0.000000,0.000000,0.000000,0.000000
