企业代号,企业名称,估计信用等级,有效销项金额,有效进项金额,月均销项收入,毛利率,有效销项发票数,有效进项发票数,销项作废率,进项作废率,销项负数率,进项负数率,有效经营月份数,最长销项断档月数,销项收入波动系数,客户数,供应商数,客户集中度HHI,供应商集中度HHI,进销匹配差异
E124,个体经营E124 ,类A,741780367.830012,785525535.339999,29671214.713200,-0.058973,1099,15264,0.150039,0.123313,0.032483,0.019872,25,0,0.643524,52,1403,0.073443,0.031150,0.058973
E125,个体经营E125 ,类A,941211364.490018,932383246.020000,26891753.271143,0.009380,1380,17776,0.134796,0.123817,0.026959,0.020012,36,1,0.696809,63,1789,0.059261,0.016835,0.009380
E126,个体经营E126 ,类A,520691097.819999,112773465.190000,14463641.606111,0.783416,1264,515,0.166227,0.033771,0.021108,0.005629,36,0,0.641598,143,72,0.062628,0.294442,0.783416
E127,个体经营E127 ,类A,651937954.529983,1646702.460000,18109387.625833,0.997474,3904,1424,0.030303,0.017931,0.000994,0.001379,36,0,0.794343,25,297,0.133780,0.062524,0.997474
E128,个体经营E128 ,类B,242390151.789996,8928032.930000,7345156.114848,0.963167,1161,3134,0.074900,0.027312,0.000000,0.004966,36,2,1.322392,7,532,0.952254,0.026047,0.963167
E129,个体经营E129 ,类A,324806032.619999,76126149.460000,9022389.795000,0.765626,5181,5928,0.109335,0.062915,0.014956,0.004584,36,0,0.568493,796,1368,0.010669,0.040716,0.765626
E130,个体经营E130 ,类B,110036672.880001,72445153.240000,5001666.949091,0.341627,1321,3123,0.044139,0.039373,0.015195,0.005537,31,7,1.428063,14,517,0.763920,0.046382,0.341627
E131,个体经营E131 ,类A,209084031.790000,111348020.140000,5807889.771944,0.467448,3097,6527,0.071643,0.077717,0.012890,0.018369,36,0,0.381074,818,906,0.009754,0.064333,0.467448
E132,个体经营E132 ,类A,203358261.850003,64061771.730000,5981125.348530,0.684981,1659,5050,0.077308,0.021128,0.004449,0.001938,34,0,0.670465,99,682,0.026044,0.077028,0.684981
E133,个体经营E133 ,类B,113655014.380000,39108647.880000,5682750.719000,0.655900,140,1599,0.176471,0.027964,0.017647,0.001216,35,6,1.208403,9,282,0.456317,0.072610,0.655900
E134,***工程咨询有限公司,类A,122815469.980001,3928745.500000,3319337.026487,0.968011,2835,1664,0.076547,0.018289,0.018893,0.004130,37,0,0.787400,1672,581,0.007615,0.109889,0.968011
E135,***建设工程有限公司,类B,135537558.520000,24565279.450000,3872501.672000,0.818757,367,2847,0.111380,0.015220,0.033898,0.001730,37,2,0.796003,73,364,0.092281,0.050838,0.818757
E136,***机械有限责任公司,类B,116652185.360000,114520005.260000,4166149.477143,0.018278,1284,1286,0.052399,0.001553,0.002952,0.000776,29,1,0.938048,4,16,0.639820,0.999322,0.018278
E137,***建设工程有限公司,类A,143264372.920000,103268584.529999,4775479.097333,0.279175,231,3141,0.090551,0.042670,0.023622,0.011582,37,2,1.052346,25,675,0.137409,0.038214,0.279175
E138,个体经营E138 ,类B,107831741.030000,20785662.730000,2995326.139722,0.807240,1439,512,0.035523,0.015385,0.008043,0.048077,36,0,0.612094,118,54,0.042573,0.173865,0.807240
E139,个体经营E139 ,类A,187713527.390002,1210488.040000,5214264.649722,0.993551,12209,457,0.047808,0.031780,0.002574,0.004237,36,0,0.405477,167,77,0.097390,0.076610,0.993551
E140,***建筑工程有限公司,类B,182429033.050000,6926522.320000,4930514.406757,0.962032,726,2023,0.140828,0.024590,0.026036,0.008679,37,0,0.806396,20,561,0.135180,0.118147,0.962032
E141,***食品有限公司,类A,159374968.200000,39177009.150000,4553570.520000,0.754183,4458,1357,0.059494,0.039632,0.030380,0.002123,36,0,0.423897,1183,208,0.015721,0.056889,0.754183
E142,***运业有限公司,类B,97267679.639999,49328650.860000,2628856.206486,0.492857,1366,704,0.074526,0.031637,0.006775,0.015131,37,0,0.617628,66,96,0.300534,0.234734,0.492857
E143,***电子科技有限公司,类B,90439864.439999,32709212.260000,2512218.456667,0.638332,1099,3579,0.044348,0.036349,0.018261,0.012116,38,1,1.153794,76,598,0.385517,0.079589,0.638332
E144,***劳务有限公司,类B,104168305.739999,8662197.310000,3858085.397778,0.916844,1245,2434,0.084559,0.017756,0.042647,0.004439,30,1,0.941485,28,671,0.128593,0.074268,0.916844
E145,***工贸有限公司,类A,117569720.060000,112976762.780000,3177560.001622,0.039066,3844,2916,0.099977,0.024096,0.018965,0.006024,37,0,0.394762,394,377,0.087159,0.148676,0.039066
E146,***基础建设工程有限公司,类A,131110608.430000,123019829.789999,3543529.957568,0.061710,1416,3170,0.121588,0.024615,0.021092,0.002462,37,0,0.622431,63,383,0.079834,0.368785,0.061710
E147,***装饰工程有限责任公司,类A,187669783.070002,147605710.199996,5213049.529722,0.213482,2314,5603,0.024040,0.064764,0.010122,0.010683,37,1,0.728524,145,733,0.060312,0.050908,0.213482
E148,***商贸有限公司,类B,80568173.170000,28869945.280000,4739304.304118,0.641671,270,511,0.039146,0.064103,0.003559,0.003663,36,2,0.927241,186,134,0.011078,0.477567,0.641671
E149,***建筑劳务有限公司,类C,101240606.260001,566820.350000,3893869.471538,0.994401,1147,285,0.064437,0.027304,0.026101,0.000000,34,3,0.885443,10,109,0.230663,0.191524,0.994401
E150,***建设工程有限公司,类A,114258375.140000,83207437.350000,3173843.753889,0.271761,410,3268,0.116379,0.032850,0.002155,0.004735,37,1,0.804099,126,463,0.073720,0.036822,0.271761
E151,***路桥工程有限公司,类C,102421152.950000,10289917.700000,4453093.606522,0.899533,140,781,0.054054,0.024969,0.000000,0.001248,31,2,0.856002,5,172,0.274239,0.278050,0.899533
E152,***运贸有限责任公司,类B,119611727.990000,6302403.630000,3232749.405135,0.947309,1488,891,0.024262,0.023026,0.005902,0.025219,37,0,0.302437,15,148,0.696124,0.203977,0.947309
E153,个体经营E153 ,类C,241023767.760000,87916.360000,8311164.405517,0.999635,280,71,0.211268,0.000000,0.002817,0.000000,32,2,1.051019,6,33,0.494476,0.451701,0.999635
E154,***汽车销售服务有限公司,类B,74457899.330000,123056747.009999,2481929.977667,-0.652702,1816,2657,0.055642,0.014466,0.013001,0.020030,30,0,0.611105,303,300,0.364127,0.386617,0.652702
E155,个体经营E155 ,类B,78595786.980000,74244539.660000,3143831.479200,0.055362,1045,398,0.035088,0.045564,0.008310,0.021583,25,0,0.580139,56,50,0.075685,0.164519,0.055362
E156,个体经营E156 ,类C,153867406.210000,2141865.020000,4525511.947353,0.986080,384,592,0.135135,0.031097,0.065315,0.018003,36,2,1.463296,32,151,0.178671,0.203084,0.986080
E157,***环境设备工程有限公司,类B,67116525.759999,47908999.590000,1974015.463529,0.286182,918,1472,0.081081,0.052157,0.075075,0.007727,37,2,1.607236,87,307,0.202763,0.051051,0.286182
E158,***装饰工程有限公司,类B,79121019.390001,62683706.160000,2825750.692500,0.207749,859,1099,0.128803,0.063884,0.000000,0.011073,31,1,1.506759,9,303,0.174574,0.826378,0.207749
E159,个体经营E159 ,类A,103171771.590000,66228852.230000,2947764.902571,0.358072,233,4472,0.079051,0.045260,0.007905,0.002989,35,1,0.678497,80,1037,0.042599,0.041974,0.358072
E160,***钢结构工程有限公司,类A,222833468.579998,150164582.909999,6022526.177838,0.326113,2814,4245,0.166716,0.031706,0.033758,0.002965,37,0,0.752039,65,424,0.217512,0.094994,0.326113
E161,***建筑劳务有限责任公司,类B,153900098.870000,879826.760000,4663639.359697,0.994283,238,246,0.176471,0.008065,0.010381,0.000000,37,1,0.890082,21,140,0.088263,0.143158,0.994283
E162,***网络信息安全有限公司,类A,136961159.180000,133517857.640000,3804476.643889,0.025141,471,9820,0.078278,0.052398,0.058708,0.023545,38,1,1.434123,100,1277,0.065362,0.052194,0.025141
E163,***物流有限公司,类B,130693646.520000,75117230.539999,3630379.070000,0.425242,928,2576,0.150183,0.021648,0.008242,0.003798,38,1,0.889786,23,267,0.581995,0.130471,0.425242
E164,个体经营E164 ,类A,119829636.730000,70610100.740000,3328601.020278,0.410746,1453,4099,0.125226,0.022651,0.012643,0.009061,36,0,0.766524,85,503,0.040809,0.223781,0.410746
E165,***文化传媒股份有限公司,类A,114219774.230001,86924609.020000,3087020.925135,0.238971,2346,4147,0.099770,0.041156,0.044513,0.011098,37,0,0.491662,246,918,0.040043,0.068418,0.238971
E166,***建筑工程有限公司,类D,77618674.300001,2927643.390000,2587289.143333,0.962282,1397,168,0.111323,0.017544,0.164122,0.000000,34,3,1.507952,14,73,0.498903,0.236909,0.962282
E167,***体育文化股份有限公司,类A,119627824.720000,138709711.309999,3233184.451892,-0.159510,4642,7071,0.067684,0.031104,0.018678,0.013428,37,0,0.373934,2466,1095,0.076564,0.107029,0.159510
E168,***建材有限公司,类C,90209902.910000,1361564.030000,3110686.307241,0.984907,399,461,0.038554,0.000000,0.000000,0.000000,30,3,0.684647,12,8,0.410706,0.490479,0.984907
E169,***建筑设计有限公司,类A,114831443.150001,75301296.530000,3103552.517568,0.344245,1410,5811,0.053691,0.037276,0.020134,0.004639,37,0,0.866708,171,1016,0.044147,0.037521,0.344245
E170,***建筑劳务有限公司,类B,71763015.630000,32194310.400000,2657889.467778,0.551380,786,1247,0.012563,0.062406,0.018844,0.041353,34,5,0.725855,11,230,0.171303,0.101427,0.551380
E171,***质量检验测试站,类A,104409268.070001,45206539.150000,2821872.110000,0.567026,7013,1823,0.065930,0.052002,0.015051,0.004160,38,0,0.673016,1439,325,0.018243,0.108714,0.567026
E172,***物流有限公司,类B,74903266.590000,41265979.180000,2024412.610541,0.449076,1171,464,0.080126,0.014862,0.000000,0.010616,37,0,0.920872,94,53,0.119756,0.116285,0.449076
E173,***贸易有限责任公司,类A,106836324.760001,105941230.410000,2887468.236757,0.008378,2370,1314,0.052379,0.026667,0.012395,0.004444,37,0,0.326910,342,204,0.036754,0.246056,0.008378
E174,***工程技术有限公司,类A,91150036.850000,75632024.770000,2762122.328788,0.170247,1148,2319,0.080865,0.033347,0.004003,0.002501,34,0,0.690537,83,433,0.049437,0.240552,0.170247
E175,***食品集团有限公司,类A,74001823.990000,78364272.390000,2466727.466333,-0.058951,3771,3930,0.076867,0.039589,0.016157,0.016373,38,3,1.246690,1788,599,0.034426,0.434367,0.058951
E176,***科技有限公司,类B,83492525.800000,4288780.690000,2197171.731579,0.948633,1935,3163,0.107060,0.020440,0.030918,0.005265,38,0,0.378525,165,868,0.107080,0.038171,0.948633
E177,***电力工程有限公司,类A,97717360.950002,70911921.570000,3908694.438000,0.274316,835,3061,0.139175,0.028871,0.019588,0.001586,37,3,1.333290,154,644,0.073091,0.109778,0.274316
E178,***贸易有限公司,类B,78541364.380000,80109910.190000,2122739.577838,-0.019971,1019,333,0.086918,0.020588,0.019713,0.014706,37,0,0.652229,181,29,0.023552,0.231176,0.019971
E179,***园林有限公司,类B,60347261.569999,36358548.250000,2080940.054138,0.397511,718,2000,0.108075,0.058824,0.031056,0.005176,37,4,0.913759,41,350,0.064820,0.039769,0.397511
E180,***电气有限公司,类A,74087731.470000,63091063.260000,1949677.143947,0.148428,2023,3545,0.041232,0.035112,0.003318,0.008438,38,0,0.680208,475,608,0.022325,0.742461,0.148428
E181,***食品有限公司,类B,76977567.970000,86445982.110000,2080474.810000,-0.123002,1475,2974,0.061108,0.024278,0.007002,0.010499,37,0,0.409695,180,373,0.529893,0.070540,0.123002
E182,***新材料科技有限公司,类A,77437981.470000,73259105.420000,2092918.418108,0.053964,1049,972,0.026902,0.026052,0.000000,0.000000,37,0,0.490406,42,152,0.086255,0.223877,0.053964
E183,***建设工程有限公司,类B,65085708.139999,25830954.620000,1807936.337222,0.603124,927,1408,0.098249,0.036277,0.001946,0.008898,37,1,0.954079,9,416,0.725439,0.034454,0.603124
E184,***建筑装饰工程有限公司,类B,53005659.130000,37934598.810000,1766855.304333,0.284329,639,1967,0.027397,0.028162,0.031963,0.003953,35,1,1.368307,39,461,0.172732,0.040841,0.284329
E185,***生态魔芋有限公司,类B,96329021.710000,704949.160000,3210967.390333,0.992682,5442,67,0.006753,0.014706,0.001460,0.029412,33,2,0.788378,312,20,0.095591,0.245097,0.992682
E186,***建筑劳务有限公司,类C,83555221.120000,2932725.390000,2695329.713548,0.964901,1073,941,0.022769,0.048534,0.000000,0.011122,35,2,1.066411,5,220,0.759118,0.059419,0.964901
E187,个体经营E187 ,类D,3403409.070000,73590154.530000,340340.907000,-20.622483,16,3694,0.909091,0.047938,0.005682,0.010825,25,5,0.954699,12,3694,0.241323,0.002108,20.622483
E188,***硬质合金有限公司,类A,80713142.810000,78297103.650000,2181436.292162,0.029934,2073,2484,0.039388,0.030066,0.004171,0.001171,37,0,0.322294,241,369,0.039322,0.068071,0.029934
E189,***石油工程技术服务有限公司,类B,50709690.270000,29298497.030000,1690323.009000,0.422231,606,3337,0.054602,0.019106,0.020281,0.003233,37,2,1.106926,24,825,0.138739,0.061334,0.422231
E190,***劳务有限公司,类C,119934393.790000,1530211.560000,3634375.569394,0.987241,344,122,0.142145,0.046875,0.034913,0.007812,36,1,0.825381,22,53,0.125052,0.245217,0.987241
E191,***商贸有限责任公司,类A,256138436.250000,260874688.749999,9486608.750000,-0.018491,2731,1177,0.048763,0.027273,0.000348,0.003306,37,1,0.967090,97,141,0.359213,0.345058,0.018491
E192,***建设工程有限公司,类D,42118600.170000,17311335.930000,2477564.715882,0.588986,68,98,0.209302,0.117117,0.023256,0.027027,27,11,0.822386,7,28,0.390631,0.124227,0.588986
E193,个体经营E193 ,类A,122316829.730005,17081342.110000,3397689.714722,0.860352,30077,1539,0.069141,0.047649,0.011389,0.003713,36,0,0.440138,2484,283,0.008269,0.117747,0.860352
E194,***文化传播有限公司,类B,88972764.610000,10830459.660000,2696144.382121,0.878272,11053,4757,0.058598,0.018973,0.033472,0.002269,34,0,0.647344,3229,914,0.056973,0.151762,0.878272
E195,***医药有限公司,类A,109903508.150000,75544254.350000,2970365.085135,0.312631,4626,2267,0.047560,0.029538,0.018324,0.020548,37,0,0.438188,393,511,0.053728,0.108354,0.312631
E196,***地质制图印刷厂,类A,72526203.120000,42300386.200000,1908584.292632,0.416757,2755,1336,0.069885,0.036075,0.029372,0.006494,38,0,0.552514,689,154,0.036755,0.184631,0.416757
E197,***医疗设备有限公司,类A,181712080.290004,101054533.130000,5344472.949706,0.443876,4050,6349,0.062283,0.024581,0.012040,0.000615,34,0,0.856426,1202,805,0.039393,0.098058,0.443876
E198,***商贸有限公司,类B,57406622.720000,57938852.900000,1739594.627879,-0.009271,728,1109,0.100124,0.033130,0.067985,0.000000,37,3,0.954245,42,210,0.134936,0.077444,0.009271
E199,***建筑劳务有限公司,类D,59575542.090001,160238.800000,3971702.806000,0.997310,808,47,0.014634,0.020833,0.109756,0.000000,23,6,1.274163,3,25,0.370991,0.289291,0.997310
E200,个体经营E200 ,类B,47163293.450000,47469657.040000,1387155.689706,-0.006496,564,1201,0.079935,0.029887,0.019576,0.005654,36,1,0.874033,50,133,0.059378,0.176276,0.006496
E201,***物流有限责任公司,类B,48047952.480000,39212850.350000,1298593.310270,0.183881,1084,463,0.101906,0.035417,0.014085,0.002083,37,0,1.320003,170,105,0.077647,0.149294,0.183881
E202,个体经营E202 ,类C,99269637.600001,10387155.820000,3102176.175000,0.895364,1096,364,0.009042,0.099010,0.000000,0.004950,36,1,0.975397,5,107,0.902523,0.093614,0.895364
E203,***建设工程有限公司,类B,47646507.180000,23399488.060000,1443833.550909,0.508894,578,1142,0.092622,0.053853,0.003140,0.002486,36,1,1.360851,27,338,0.360680,0.087430,0.508894
E204,***科技发展有限公司,类A,92091768.280000,57409981.430000,2488966.710270,0.376600,1339,5029,0.202976,0.036036,0.020833,0.009009,37,0,0.652847,373,1205,0.024702,0.020765,0.376600
E205,个体经营E205 ,类B,74253216.710000,23934662.510000,2062589.353056,0.677662,967,137,0.040675,0.092715,0.008929,0.006623,36,0,0.390458,71,15,0.079914,0.397644,0.677662
E206,***建设工程有限公司,类A,96008119.430001,72946880.400000,3310624.807931,0.240201,913,3557,0.051921,0.033161,0.001038,0.002175,37,2,0.870103,307,889,0.095534,0.037131,0.240201
E207,个体经营E207 ,类A,120936342.800002,72195567.270000,3779260.712500,0.403028,1393,3298,0.044582,0.025989,0.006859,0.003839,35,2,1.170401,17,267,0.585927,0.081746,0.403028
E208,个体经营E208 ,类B,75553782.030000,75862564.990000,2158679.486571,-0.004087,897,963,0.127432,0.013320,0.019455,0.001025,36,1,0.618621,80,44,0.037356,0.329229,0.004087
E209,***工程检测有限公司,类A,65700985.170000,43991012.250000,1877171.004857,0.330436,1223,8128,0.170847,0.027751,0.042034,0.002273,37,2,0.669963,488,1599,0.013558,0.023169,0.330436
E210,***建筑工程有限公司,类C,53682992.720000,5855280.490000,2982388.484444,0.890929,557,536,0.067002,0.025455,0.000000,0.005455,30,6,0.900918,3,153,0.782673,0.111533,0.890929
E211,个体经营E211 ,类B,49070943.990000,21886710.580000,1363081.777500,0.553978,1470,403,0.101467,0.035885,0.009169,0.007177,36,0,0.550388,82,105,0.047979,0.481304,0.553978
E212,***建电管理咨询有限公司,类C,76890077.770000,148331.110000,2023423.099211,0.998071,1497,133,0.109459,0.036232,0.011898,0.000000,38,0,0.963924,121,49,0.062593,0.166436,0.998071
E213,***科技有限公司,类A,57697215.600000,45404788.960000,1559384.205405,0.213051,1148,2103,0.096063,0.040602,0.018110,0.008212,37,0,0.609644,248,592,0.036232,0.065680,0.213051
E214,***建筑工程有限公司,类B,64252383.440000,36190187.000000,1736550.903784,0.436750,713,692,0.178571,0.063599,0.017281,0.002706,37,0,0.987334,218,154,0.038224,0.066281,0.436750
E215,***建筑工程有限公司,类C,67502754.200001,216474.130000,3552776.536842,0.996793,756,172,0.092437,0.022727,0.000000,0.000000,28,3,0.987335,8,69,0.281979,0.145542,0.996793
E216,***建设工程有限公司,类B,58325941.250000,33287980.310000,1822685.664062,0.429277,685,3340,0.114987,0.030479,0.006460,0.004935,37,1,0.972425,30,570,0.147153,0.098512,0.429277
E217,个体经营E217 ,类D,2434236.610000,52913767.230000,221294.237273,-20.737315,34,202,0.954606,0.056075,0.010681,0.000000,25,4,1.398408,15,202,0.148329,0.010418,20.737315
E218,***建设工程有限公司,类C,39328554.230000,40801973.160000,2313444.366471,-0.037464,137,1026,0.409483,0.070652,0.000000,0.003623,36,5,1.478613,43,269,0.524748,0.139792,0.037464
E219,***品牌营销策划有限公司,类B,35642623.950000,35677550.270000,1229055.998276,-0.000980,491,4299,0.211878,0.035017,0.052970,0.009203,36,2,1.116380,27,757,0.084432,0.031413,0.000980
E220,***文化传播有限公司,类A,80286331.100000,55190901.440000,2169900.840541,0.312574,1233,5708,0.049345,0.038734,0.008481,0.008420,37,0,0.689263,147,1570,0.367703,0.010788,0.312574
E221,***测绘服务有限公司,类A,45971718.410000,33465961.900000,1641847.086071,0.272032,652,4429,0.060519,0.014464,0.020173,0.002448,29,0,0.822389,296,954,0.037524,0.093390,0.272032
E222,***数码科技有限公司,类B,62615800.410000,52232782.640000,1692318.930000,0.165821,1023,4325,0.256541,0.065471,0.018895,0.025929,37,0,1.136148,66,928,0.071948,0.026267,0.165821
E223,***科技有限公司,类C,31385466.780000,38566681.770000,1846203.928235,-0.228807,477,2505,0.098299,0.045351,0.039698,0.007622,19,0,0.572596,52,785,0.251230,0.178802,0.228807
E224,***纸业有限公司,类A,95946734.500000,98473831.160000,2593154.986486,-0.026339,1110,723,0.015084,0.047431,0.013310,0.006588,37,0,0.521683,41,103,0.123203,0.104801,0.026339
E225,***物业服务有限责任公司***分公司,类A,68686418.240000,43661253.970000,1807537.322105,0.364339,8315,4173,0.062782,0.036704,0.011835,0.011080,38,0,0.694309,470,680,0.021020,0.188383,0.364339
E226,***建设工程有限公司,类B,44714111.360000,46066940.460000,1541865.908966,-0.030255,516,1022,0.068592,0.023878,0.010830,0.027698,35,2,1.021991,26,219,0.429420,0.089048,0.030255
E227,***安全技术有限公司,类A,55848119.350000,50732713.700000,1692367.253030,0.091595,687,2778,0.074124,0.055744,0.008086,0.006118,36,2,0.711883,72,554,0.054501,0.024761,0.091595
E228,***文化发展有限公司,类B,59965638.310000,29703662.780000,1620692.927297,0.504655,993,2665,0.155612,0.028436,0.088435,0.003646,37,0,0.518572,156,603,0.030832,0.032712,0.504655
E229,***家贸易有限公司,类B,54774178.320000,56541639.200000,1480383.197838,-0.032268,773,1570,0.103248,0.031462,0.001160,0.004935,37,0,0.274796,30,227,0.682357,0.093855,0.032268
E230,***建筑劳务有限公司,类C,49308980.030000,120507.450000,1590612.259032,0.997556,592,83,0.124260,0.011905,0.029586,0.000000,34,1,1.109678,61,17,0.064782,0.664918,0.997556
E231,***建筑科技有限公司,类C,33376164.700000,35730036.880000,1390673.529167,-0.070526,370,681,0.093137,0.020144,0.000000,0.000000,36,6,0.896036,7,133,0.295594,0.165880,0.070526
E232,***投资发展有限责任公司,类C,47970719.640000,35129701.390000,5330079.960000,0.267685,113,782,0.042373,0.055556,0.076271,0.047101,38,4,1.314340,4,151,0.499592,0.623467,0.267685
E233,***劳务有限公司,类D,19988668.900000,401349.690000,2220963.211111,0.979921,223,718,0.063025,0.012380,0.000000,0.000000,26,7,1.306853,3,194,0.854256,0.026479,0.979921
E234,***机电设备商贸有限公司,类C,39835337.130000,4551474.640000,1373632.314828,0.885743,580,919,0.039735,0.028541,0.006623,0.001057,29,0,0.657789,137,205,0.019804,0.143239,0.885743
E235,个体经营E235 ,类B,40024592.540000,14054231.020000,1143559.786857,0.648860,944,593,0.069034,0.031046,0.003945,0.000000,35,0,0.664496,191,122,0.100458,0.582269,0.648860
E236,个体经营E236 ,类C,44647209.890000,4980574.770000,1785888.395600,0.888446,518,197,0.223388,0.034314,0.019490,0.004902,35,5,0.905256,29,69,0.229679,0.223292,0.888446
E237,个体经营E237 ,类C,19792717.950000,17103901.020000,1522516.765385,0.135849,221,1900,0.250847,0.019102,0.000000,0.053691,27,2,0.799738,8,324,0.307981,0.263539,0.135849
E238,个体经营E238 ,类A,56429503.980001,15987761.560000,1567486.221667,0.716677,11256,3808,0.068520,0.023339,0.046756,0.005899,36,0,0.423279,2199,760,0.003818,0.119547,0.716677
E239,个体经营E239 ,类C,26270147.960000,25876475.690000,1094589.498333,0.014986,306,367,0.120690,0.031662,0.008621,0.013193,27,0,0.956067,33,46,0.093024,0.155939,0.014986
E240,个体经营E240 ,类D,17016977.520000,30020619.800000,2836162.920000,-0.764157,20,1085,0.838710,0.032977,0.024194,0.000891,25,7,1.071740,2,1085,0.957017,0.010026,0.764157
E241,个体经营E241 ,类C,37898804.220000,5982268.470000,1052744.561667,0.842152,721,415,0.091940,0.028103,0.006297,0.002342,36,0,0.454338,36,112,0.564877,0.102394,0.842152
E242,个体经营E242 ,类D,1518719.260000,18605594.030000,138065.387273,-11.250845,18,503,0.931559,0.019493,0.026616,0.000000,25,5,0.887261,11,503,0.201067,0.006911,11.250845
E243,***科技有限公司,类C,32091033.410000,4588763.790000,943853.923824,0.857008,677,681,0.047820,0.022956,0.000000,0.002869,34,0,0.852925,35,131,0.207786,0.252909,0.857008
E244,个体经营E244 ,类C,34862195.290000,13820506.180000,1056430.160303,0.603568,443,1105,0.173507,0.039965,0.024254,0.006082,36,1,0.856874,20,153,0.317472,0.057740,0.603568
E245,***建筑劳务有限公司,类D,25170610.390000,132745.050000,1144118.654091,0.994726,309,264,0.124646,0.003774,0.050992,0.000000,30,2,0.987848,33,64,0.158437,0.129128,0.994726
E246,***物业服务有限公司,类B,31377751.460000,6524608.600000,848047.336757,0.792063,749,1298,0.096502,0.051170,0.018094,0.008041,37,0,0.410428,121,409,0.156003,0.089828,0.792063
E247,***石化有限公司,类B,21712508.800000,12283876.140000,603125.244444,0.434249,333,915,0.072423,0.029692,0.000000,0.007423,38,0,0.964194,10,185,0.599493,0.055845,0.434249
E248,***智能科技有限公司,类B,20868777.100000,13784612.420000,579688.252778,0.339462,353,1466,0.128395,0.029782,0.014815,0.005956,37,1,1.551844,118,262,0.084742,0.047695,0.339462
E249,***建筑工程有限公司,类C,51819821.700000,27296207.130000,4710892.881818,0.473248,470,620,0.004237,0.137691,0.000000,0.001391,35,7,0.708077,3,106,0.972602,0.151384,0.473248
E250,***塑料厂,类C,32443945.690000,8633213.090000,853788.044474,0.733904,660,427,0.151671,0.027335,0.029563,0.020501,38,0,0.387254,102,127,0.060598,0.185666,0.733904
E251,***医疗器械有限责任公司,类C,12859876.880000,9138566.250000,559125.081739,0.289374,274,1355,0.130159,0.070007,0.044444,0.017845,33,9,1.437775,130,347,0.114635,0.047307,0.289374
E252,***印务有限公司,类B,39283384.000000,26238254.220000,1061713.081081,0.332078,517,905,0.044362,0.055324,0.018484,0.004175,37,0,1.223444,40,111,0.133735,0.054115,0.332078
E253,***钢结构工程有限公司,类B,23725535.580000,18383666.460000,659042.655000,0.225153,318,1196,0.165354,0.033145,0.007874,0.004042,37,1,0.919196,105,319,0.033860,0.103064,0.225153
E254,***设备安装工程有限公司,类C,37200358.720000,3221474.180000,1127283.597576,0.913402,456,236,0.075051,0.004219,0.004057,0.000000,35,2,0.836742,22,39,0.259069,0.238318,0.913402
E255,个体经营E255 ,类C,38606481.840000,11268140.560000,1135484.760000,0.708128,599,1331,0.062598,0.033406,0.046948,0.005084,36,1,0.968410,19,311,0.434388,0.130362,0.708128
E256,***物资有限公司,类B,29926361.090000,10258640.400000,808820.570000,0.657204,892,270,0.029380,0.035714,0.008705,0.010714,37,0,0.264414,211,54,0.043396,0.077892,0.657204
E257,***门窗安装有限公司,类C,23793654.890000,15089198.550000,793121.829667,0.365831,317,337,0.121884,0.042614,0.030471,0.005682,30,0,0.863526,39,97,0.104420,0.054022,0.365831
E258,***国际货运有限公司,类B,68046478.540000,15197534.260000,1790696.803684,0.776660,2380,2233,0.046092,0.036670,0.021242,0.010785,38,0,0.822562,193,248,0.149416,0.073807,0.776660
E259,***文化传媒有限公司,类B,31725623.110000,18472779.250000,857449.273243,0.417733,707,2321,0.135697,0.057271,0.023227,0.008936,37,0,0.538481,211,521,0.014588,0.015519,0.417733
E260,***广告有限公司,类B,22168583.160000,17836465.140000,599150.896216,0.195417,1405,1343,0.115239,0.016117,0.015113,0.006593,37,0,0.953959,289,258,0.044188,0.042747,0.195417
E261,***医疗器械有限公司,类B,15967699.380000,8616353.380000,431559.442703,0.460389,1367,1338,0.116925,0.034632,0.015504,0.006494,37,0,0.634857,131,457,0.051831,0.544953,0.460389
E262,个体经营E262 ,类B,24523963.300000,16419328.120000,817465.443333,0.330478,656,320,0.052023,0.027356,0.013006,0.000000,34,3,1.052563,199,42,0.233905,0.093393,0.330478
E263,***通信工程有限公司,类C,26231558.890000,14352187.420000,728654.413611,0.452866,404,490,0.185484,0.012097,0.038306,0.002016,37,1,1.022730,15,148,0.256382,0.200847,0.452866
E264,个体经营E264 ,类D,1173035.700000,23547443.510000,90233.515385,-19.073936,24,1502,0.943262,0.067081,0.044917,0.006832,25,3,0.719423,8,1502,0.531504,0.006646,19.073936
E265,***净化工程有限公司,类B,23812366.630000,21512865.910000,744136.457187,0.096568,401,1968,0.155789,0.032924,0.033684,0.006388,33,1,0.951843,62,477,0.093336,0.115413,0.096568
E266,***煤矿机械有限公司,类C,26289597.490000,1223479.750000,938914.196071,0.953461,450,289,0.070248,0.020339,0.018595,0.006780,36,3,0.676763,16,83,0.675927,0.323316,0.953461
E267,***林园艺场,类D,17493142.050000,1033331.690000,1249510.146429,0.940929,202,189,0.110132,0.015625,0.022026,0.000000,19,2,0.791769,11,41,0.176225,0.338787,0.940929
E268,***建筑劳务有限公司,类C,25591515.940000,5853887.010000,1279575.797000,0.771257,342,42,0.050000,0.106383,0.025000,0.000000,25,5,0.687604,9,19,0.299206,0.178600,0.771257
E269,***节能服务有限公司,类D,30060690.450000,935601.370000,858876.870000,0.968876,194,169,0.130045,0.005882,0.049327,0.000000,36,1,1.691145,19,69,0.692726,0.160192,0.968876
E270,个体经营E270 ,类C,20044158.200000,5861645.700000,607398.733333,0.707563,335,548,0.192771,0.023173,0.028916,0.007130,36,1,0.711169,40,90,0.332051,0.256892,0.707563
E271,***科技有限公司,类B,30204201.370000,26123955.510000,816329.766757,0.135089,440,1638,0.210054,0.035336,0.028725,0.005300,37,0,1.264748,94,507,0.063108,0.047219,0.135089
E272,个体经营E272 ,类C,13847647.500000,4428282.710000,384656.875000,0.680214,542,1168,0.089076,0.031509,0.055462,0.011609,36,0,1.003421,72,283,0.149067,0.089431,0.680214
E273,个体经营E273 ,类B,23004728.280000,9969872.580000,657277.950857,0.566616,7961,1460,0.010564,0.055627,0.001616,0.011643,35,0,0.496740,5120,318,0.000916,0.375184,0.566616
E274,***建筑劳务有限公司,类D,11733690.960000,35569.070000,782246.064000,0.996969,136,12,0.116883,0.000000,0.012987,0.000000,17,2,1.041305,15,9,0.144913,0.483851,0.996969
E275,***网络工程有限公司,类C,20636866.030000,1600295.130000,606966.647941,0.922455,357,364,0.190476,0.039578,0.054422,0.018470,38,1,0.933332,45,97,0.075310,0.127525,0.922455
E276,***体育设施工程有限公司,类C,12182839.350000,4044018.630000,507618.306250,0.668056,169,1022,0.202830,0.017308,0.037736,0.000962,35,3,1.265314,20,243,0.156410,0.229955,0.668056
E277,***消防设备制造有限公司,类C,18107878.280000,12518820.560000,603595.942667,0.308653,254,319,0.062731,0.044910,0.003690,0.005988,30,0,0.316834,36,81,0.747962,0.083571,0.308653
E278,***贸易有限公司,类B,13017866.000000,11040657.060000,361607.388889,0.151884,222,389,0.067227,0.039506,0.008403,0.004938,38,1,1.088299,38,98,0.138040,0.057170,0.151884
E279,***环保包装有限公司,类C,22943219.650000,16692566.790000,791145.505172,0.272440,500,600,0.049430,0.030695,0.062738,0.006462,30,1,0.598777,7,90,0.844320,0.120242,0.272440
E280,个体经营E280 ,类B,17080553.210000,12226246.400000,474459.811389,0.284201,549,544,0.066327,0.019820,0.006803,0.000000,36,0,0.531729,125,103,0.034635,0.091665,0.284201
E281,***商业管理有限责任公司,类C,16333110.180000,19629385.240000,494942.732727,-0.201816,551,1002,0.051635,0.056497,0.005164,0.000000,34,0,0.601111,43,186,0.206813,0.304329,0.201816
E282,***影城有限公司***分公司,类C,21071603.490000,11977184.030000,554515.881316,0.431596,1959,752,0.277388,0.054088,0.006640,0.023899,38,0,0.506368,562,93,0.097840,0.521779,0.431596
E283,***机械铸造有限责任公司,类B,19645465.230000,15198205.360000,530958.519730,0.226376,291,582,0.026756,0.044335,0.000000,0.000000,37,0,0.514075,20,107,0.148140,0.102510,0.226376
E284,***成焊科技有限公司,类B,16027714.880000,10717026.240000,433181.483243,0.331344,429,1007,0.079399,0.048204,0.004292,0.004726,38,0,0.491549,125,120,0.330220,0.082846,0.331344
E285,个体经营E285 ,类C,30216720.820000,16078594.040000,839353.356111,0.467891,458,730,0.187943,0.054404,0.012411,0.005181,36,0,1.371280,53,224,0.069632,0.070389,0.467891
E286,***印务有限公司,类C,12127861.530000,11293218.690000,527298.327391,0.068820,199,290,0.228682,0.049180,0.019380,0.000000,24,1,0.979406,32,79,0.147420,0.080152,0.068820
E287,***鞋材有限公司,类B,15043409.130000,14278828.880000,406578.625135,0.050825,267,422,0.135922,0.086580,0.003236,0.006494,37,0,0.448530,26,94,0.129815,0.060916,0.050825
E288,个体经营E288 ,类C,16013736.530000,13186165.140000,485264.743333,0.176572,240,575,0.220779,0.012027,0.012987,0.001718,34,1,0.816845,36,125,0.125178,0.187753,0.176572
E289,***运业有限公司***分公司,类B,21051602.520000,7236380.200000,568962.230270,0.656255,1567,3307,0.066706,0.008396,0.014294,0.002699,38,0,0.204468,398,170,0.080776,0.174019,0.656255
E290,***机电有限公司,类C,16894268.320000,5306769.020000,456601.846486,0.685883,988,859,0.121778,0.013777,0.016889,0.006889,38,0,0.821931,110,218,0.132733,0.044622,0.685883
E291,***文业建设工程有限公司,类D,11223475.720000,16817356.230000,1402934.465000,-0.498409,129,372,0.203704,0.053435,0.012346,0.022901,30,8,1.395607,5,117,0.940592,0.558831,0.498409
E292,***物流有限公司,类B,11604986.870000,6835386.230000,351666.268788,0.410996,1278,323,0.029613,0.035821,0.001519,0.000000,34,2,0.730054,20,83,0.211390,0.197348,0.410996
E293,***物资有限公司,类C,7696185.750000,7511439.880000,208005.020270,0.024005,107,56,0.085470,0.050847,0.000000,0.000000,37,0,1.684941,3,27,0.637376,0.664035,0.024005
E294,个体经营E294 ,类C,22641319.890000,4089504.260000,628925.552500,0.819379,310,845,0.136490,0.025375,0.002786,0.004614,36,0,0.638354,47,234,0.071845,0.081972,0.819379
E295,***电器设备制造有限公司,类B,13675456.420000,11177597.670000,414407.770303,0.182653,206,818,0.179283,0.042155,0.011952,0.001171,37,1,0.922002,57,213,0.057655,0.069313,0.182653
E296,***装饰设计工程有限公司,类D,12371267.160000,5441938.890000,618563.358000,0.560115,219,1446,0.130952,0.063472,0.075397,0.018135,30,12,1.141468,18,381,0.394916,0.043255,0.560115
E297,***建筑机械租赁有限公司,类C,13646000.040000,10296967.850000,974714.288571,0.245422,162,50,0.114754,0.000000,0.000000,0.000000,18,2,0.679086,3,10,0.488659,0.583601,0.245422
E298,***电器维护服务有限公司,类C,16228313.170000,5471901.900000,427060.872895,0.662818,2436,902,0.134021,0.007701,0.011376,0.011001,38,0,0.551980,253,70,0.291747,0.103200,0.662818
E299,***压缩天然气有限责任公司,类C,19682705.990000,24189235.730000,517965.947105,-0.228959,495,570,0.091743,0.037162,0.011009,0.010135,38,0,0.723164,265,109,0.323242,0.418730,0.228959
E300,***建设工程有限公司,类C,18538935.790000,14744459.950000,975733.462632,0.204676,223,747,0.093496,0.031128,0.016260,0.002594,35,6,1.169010,23,232,0.154502,0.060656,0.204676
E301,***企业管理咨询有限公司,类B,15413221.300000,3919541.140000,453330.038235,0.745703,428,2971,0.065502,0.019148,0.017467,0.002311,36,0,1.108577,119,789,0.112634,0.066295,0.745703
E302,***机电设备有限公司,类C,9362480.970000,3118772.120000,260068.915833,0.666886,261,899,0.096886,0.058639,0.003460,0.008377,38,1,0.841659,33,236,0.092797,0.098379,0.666886
E303,***图书发行有限公司,类C,16347545.810000,2176920.410000,495380.176061,0.866835,315,682,0.125000,0.015873,0.002778,0.001443,38,4,0.465539,42,108,0.105707,0.295406,0.866835
E304,***环保科技有限公司,类C,9378613.350000,16812220.660000,253476.036486,-0.792613,951,588,0.075802,0.031301,0.000000,0.001647,37,0,0.647016,198,142,0.047273,0.209930,0.792613
E305,***劳务有限公司,类C,47837106.240000,19412737.840000,1839888.701538,0.594191,321,575,0.105850,0.025424,0.005571,0.000000,37,2,0.884004,4,164,0.334961,0.395127,0.594191
E306,个体经营E306 ,类C,12549784.600000,3607070.910000,369111.311765,0.712579,329,1225,0.138743,0.020783,0.020942,0.003997,34,1,0.952433,64,340,0.078735,0.229848,0.712579
E307,***通信工程有限公司,类C,6136165.470000,3079011.130000,438297.533571,0.498219,98,452,0.147826,0.019523,0.000000,0.000000,33,4,1.778628,10,110,0.324016,0.412703,0.498219
E308,***餐饮文化服务有限公司,类B,11938831.560000,8216874.260000,322671.123243,0.311752,1613,487,0.199504,0.052529,0.005459,0.017510,37,0,0.478134,1535,64,0.001383,0.069548,0.311752
E309,个体经营E309 ,类C,12733306.410000,6372921.700000,385857.770000,0.499508,172,934,0.184834,0.052738,0.009479,0.014199,35,2,0.941948,38,194,0.092717,0.080252,0.499508
E310,***律师事务所,类B,11111512.290000,3675969.840000,358435.880323,0.669175,938,1839,0.059178,0.012352,0.030090,0.004834,31,0,0.553650,449,480,0.023542,0.057114,0.669175
E311,***律师事务所,类C,10671429.460000,1996852.280000,410439.594615,0.812879,411,2514,0.119914,0.011792,0.040685,0.008648,27,0,0.626631,131,346,0.048388,0.051656,0.812879
E312,***家居用品有限公司,类C,12251621.220000,73673797.930000,331124.897838,-5.013392,666,4433,0.024890,0.047077,0.021962,0.006879,37,0,0.537163,190,906,0.164000,0.064533,5.013392
E313,***物流有限公司,类B,13222546.680000,7075381.480000,357366.126486,0.464900,279,325,0.060606,0.018127,0.026936,0.015106,38,1,0.634204,29,63,0.198202,0.191030,0.464900
E314,***房地产营销策划有限公司,类C,7405442.540000,2971881.770000,238885.243226,0.598690,110,1237,0.133858,0.009608,0.015748,0.031225,36,2,0.993729,5,233,0.293383,0.335420,0.598690
E315,***轮胎有限公司,类C,11439913.570000,2140613.280000,309186.853243,0.812882,1533,376,0.029747,0.030928,0.001899,0.010309,38,0,0.399770,140,95,0.147916,0.058010,0.812882
E316,个体经营E316 ,类C,10820742.970000,2516088.690000,327901.302121,0.767475,404,754,0.114035,0.016949,0.028509,0.003911,36,1,1.184868,22,185,0.530236,0.090250,0.767475
E317,***科技有限公司,类D,5715048.960000,1637924.230000,228601.958400,0.713402,171,347,0.181818,0.019774,0.047847,0.008475,32,6,1.102600,33,107,0.078513,0.103963,0.713402
E318,***商贸有限公司,类C,11136065.790000,1186897.160000,293054.362895,0.893419,349,297,0.146699,0.010000,0.004890,0.006667,38,0,0.323109,16,25,0.201558,0.303869,0.893419
E319,个体经营E319 ,类B,13556534.740000,7265941.140000,376570.409444,0.464027,691,176,0.068733,0.032967,0.008086,0.005495,36,0,0.457400,174,36,0.032056,0.090134,0.464027
E320,***建筑设计有限公司,类C,8499217.040000,6696594.760000,1416536.173333,0.212093,92,231,0.061224,0.053279,0.000000,0.000000,30,4,0.887854,5,77,0.466403,0.645411,0.212093
E321,***生物流有限公司,类C,11319199.690000,5147612.820000,305924.315946,0.545232,365,62,0.145199,0.015873,0.014052,0.015873,37,0,0.855668,125,15,0.037459,0.657056,0.545232
E322,***装饰工程设计有限公司,类C,10070044.290000,9064070.760000,347242.906552,0.099898,832,884,0.054545,0.022124,0.050000,0.013274,30,1,0.850208,14,230,0.235423,0.088297,0.099898
E323,***建筑装饰工程有限公司,类C,5482348.520000,3996447.270000,342646.782500,0.271034,117,468,0.290909,0.065868,0.000000,0.007984,26,6,1.170105,14,144,0.381702,0.075989,0.271034
E324,***汽贸有限公司,类D,13801263.370000,79367372.220000,373007.118108,-4.750732,339,1569,0.185096,0.032079,0.014423,0.003701,37,0,0.719312,41,82,0.404630,0.266463,4.750732
E325,***通讯器材有限公司,类C,11491404.960000,31237890.880000,302405.393684,-1.718370,4001,513,0.042823,0.032075,0.006938,0.022642,38,0,0.451071,1498,63,0.149052,0.578270,1.718370
E326,***包装材料有限公司,类B,11078618.600000,8824077.060000,335715.715152,0.203504,181,270,0.085859,0.055944,0.000000,0.000000,34,0,0.599526,36,38,0.183824,0.091775,0.203504
E327,个体经营E327 ,类C,17995408.780000,10740900.510000,499872.466111,0.403131,251,466,0.073801,0.029167,0.003690,0.000000,36,0,0.597516,7,61,0.852198,0.186766,0.403131
E328,***科技有限公司,类C,8339064.060000,2291691.510000,320733.233077,0.725186,144,447,0.121951,0.038710,0.024390,0.010753,30,1,1.265299,43,92,0.088744,0.160128,0.725186
E329,***园艺有限责任公司,类D,11070606.100000,1251.890000,615033.672222,0.999887,124,5,0.038760,0.000000,0.000000,0.000000,19,5,0.654842,14,4,0.236276,0.293449,0.999887
E330,***酒店管理有限公司,类B,8297018.330000,2696224.730000,218342.587632,0.675037,7773,1344,0.007660,0.021834,0.004341,0.004367,38,0,0.483922,1418,233,0.249883,0.074715,0.675037
E331,***广告有限公司,类C,6039945.030000,1197830.900000,251664.376250,0.801682,88,139,0.073684,0.034722,0.031579,0.006944,35,3,1.540698,13,77,0.288525,0.111855,0.801682
E332,***商贸有限公司,类C,30588960.180000,16194935.730000,1176498.468462,0.470563,378,817,0.025773,0.023895,0.007732,0.005974,37,1,1.227931,6,207,0.777578,0.198188,0.470563
E333,***房地产营销策划有限公司,类C,7120404.600000,1313617.230000,245531.193103,0.815514,127,844,0.072993,0.005889,0.007299,0.005889,34,1,0.718248,5,185,0.607953,0.117628,0.815514
E334,***机械科技有限公司,类C,7529936.970000,5450873.570000,259652.998966,0.276106,185,147,0.060914,0.020000,0.030457,0.000000,31,1,0.612271,20,25,0.599760,0.413377,0.276106
E335,***挖掘机租赁经营部,类C,5453445.840000,3245504.410000,302969.213333,0.404871,272,431,0.200000,0.018223,0.000000,0.000000,23,2,0.994253,9,58,0.349404,0.364699,0.404871
E336,***猕猴桃专业合作社,类D,2876876.500000,262083.750000,261534.227273,0.908900,48,7,0.094340,0.000000,0.000000,0.000000,14,10,2.295805,19,4,0.379362,0.992269,0.908900
E337,个体经营E337 ,类C,11315825.150000,293179.110000,314328.476389,0.974091,678,66,0.100796,0.043478,0.009284,0.000000,36,0,0.560042,99,35,0.062055,0.267098,0.974091
E338,***商贸有限公司,类C,7358057.110000,570761.980000,245268.570333,0.922430,82,251,0.078652,0.003968,0.000000,0.007937,33,3,1.083463,4,89,0.308414,0.090309,0.922430
E339,***居益卫浴家俬厂,类C,3899767.090000,2892673.650000,194988.354500,0.258245,168,126,0.045455,0.000000,0.022727,0.000000,23,2,0.674000,36,32,0.125018,0.179294,0.258245
E340,***物流有限公司,类D,6827724.230000,29649.720000,213366.382188,0.995657,137,10,0.164634,0.090909,0.067073,0.000000,32,1,1.189782,45,4,0.079429,0.911235,0.995657
E341,***纺织品有限公司,类C,3378699.300000,1434811.700000,225246.620000,0.575336,69,53,0.080000,0.000000,0.000000,0.000000,17,2,0.647837,26,15,0.078401,0.893482,0.575336
E342,***裕华机械厂,类C,4929621.640000,2240183.790000,144988.871765,0.545567,132,245,0.169811,0.068441,0.006289,0.003802,38,1,0.577453,22,55,0.269477,0.100409,0.545567
E343,***五金工具经营部,类D,2551960.050000,792.450000,68971.893243,0.999689,401,3,0.073903,0.000000,0.023095,0.000000,37,0,0.658978,29,1,0.431368,1.000000,0.999689
E344,***机械有限公司,类C,2301371.920000,1400067.960000,62199.241081,0.391638,88,118,0.053763,0.024793,0.053763,0.016529,38,0,1.187408,54,50,0.104157,0.267845,0.391638
E345,***科技有限公司,类C,2248406.590000,582446.760000,83274.318148,0.740951,75,249,0.137931,0.015810,0.000000,0.000000,35,2,0.904827,21,105,0.202890,0.089191,0.740951
E346,个体经营E346 ,类B,2408534.780000,2307017.620000,66903.743889,0.042149,605,487,0.062016,0.018145,0.003101,0.014113,36,0,0.703012,106,92,0.044119,0.106862,0.042149
E347,***不锈钢材料有限公司,类C,2117098.200000,974659.340000,58808.283333,0.539625,170,85,0.190476,0.022989,0.000000,0.000000,37,0,0.927196,38,34,0.062373,0.086862,0.539625
E348,***酒店管理有限公司,类B,2260862.780000,772629.590000,66495.964118,0.658259,4050,192,0.051300,0.040000,0.007730,0.025000,34,0,0.354735,986,33,0.053205,0.150791,0.658259
E349,***营销策划广告有限公司,类D,3329073.810000,6878.610000,554845.635000,0.997934,39,9,0.000000,0.000000,0.000000,0.000000,10,5,0.292163,2,7,0.511898,0.255110,0.997934
E350,***演艺设备有限公司,类C,1472460.750000,406815.570000,56633.105769,0.723717,52,623,0.133333,0.009539,0.016667,0.001590,32,2,1.295170,30,140,0.139715,0.084394,0.723717
E351,***文化传播有限公司,类D,1057514.980000,297904.480000,50357.856190,0.718298,52,100,0.133333,0.009901,0.000000,0.009901,28,5,1.089719,14,46,0.189398,0.490019,0.718298
E352,***居装饰工程有限公司,类D,2649962.150000,13736577.610000,110415.089583,-4.183688,47,735,0.096154,0.010767,0.000000,0.016151,37,2,0.591532,40,52,0.034361,0.121431,4.183688
E353,***税务师事务所有限公司,类C,2734142.360000,318399.440000,136707.118000,0.883547,68,224,0.150000,0.042735,0.050000,0.004274,34,4,0.648808,25,104,0.064082,0.069301,0.883547
E354,***广告有限公司,类C,2217049.230000,590037.090000,71517.717097,0.733864,293,65,0.092879,0.029851,0.021672,0.000000,35,2,1.069488,62,11,0.117637,0.377668,0.733864
E355,***地毯经营部,类C,1194335.280000,505290.200000,45935.972308,0.576928,263,3,0.057348,0.250000,0.000000,0.000000,26,0,0.499314,104,2,0.039794,0.997911,0.576928
E356,***建材装饰部,类D,1507883.020000,16128.300000,55847.519259,0.989304,189,3,0.010471,0.000000,0.000000,0.000000,27,0,0.652326,4,2,0.843198,0.936634,0.989304
E357,***家居经营部,类D,1330097.040000,62418.020000,55420.710000,0.953073,144,10,0.064935,0.000000,0.000000,0.100000,26,5,0.498746,15,5,0.240979,0.589392,0.953073
E358,***五金经营部,类D,1604256.980000,528.300000,61702.191538,0.999671,259,2,0.139535,0.000000,0.112957,0.000000,26,1,0.553674,23,1,0.162973,1.000000,0.999671
E359,***厨房用品经营部,类D,1190765.020000,528.300000,49615.209167,0.999556,224,2,0.078189,0.000000,0.012346,0.000000,24,0,0.622598,33,1,0.096099,1.000000,0.999556
E360,***建筑劳务有限公司,类D,2610374.920000,792.450000,522074.984000,0.999696,29,3,0.171429,0.000000,0.000000,0.000000,6,11,0.805966,2,1,0.694979,1.000000,0.999696
E361,***勘察设计工程有限公司,类C,4901439.630000,3248944.600000,213106.070870,0.337145,90,171,0.237288,0.017241,0.000000,0.000000,28,2,1.258496,27,12,0.120163,0.220813,0.337145
E362,***建材有限公司,类D,4207637.880000,411876.140000,247508.110588,0.902112,95,122,0.095238,0.031746,0.038095,0.031746,34,8,1.612776,14,61,0.184294,0.124119,0.902112
E363,***建筑工程设计有限公司,类D,1072700.230000,201489.970000,97518.202727,0.812166,30,93,0.230769,0.060606,0.000000,0.040404,26,6,0.546884,10,38,0.316105,0.102471,0.812166
E364,***电子有限公司,类C,2029007.680000,433344.430000,61485.081212,0.786425,308,140,0.080597,0.000000,0.017910,0.035714,38,1,0.769877,56,23,0.042632,0.185857,0.786425
E365,***信息技术有限公司,类C,3453091.740000,1847659.220000,143878.822500,0.464926,76,126,0.136364,0.030769,0.000000,0.007692,35,2,2.262242,16,34,0.241053,0.575421,0.464926
E366,***房地产经纪有限公司,类D,1430221.000000,361648.440000,95348.066667,0.747138,19,21,0.050000,0.000000,0.000000,0.000000,19,2,0.372092,5,6,0.313574,0.980220,0.747138
E367,***电子商务有限公司,类D,1996948.940000,228432.410000,95092.806667,0.885609,198,23,0.079070,0.080000,0.046512,0.000000,25,3,0.752677,8,15,0.207909,0.865636,0.885609
E368,***通信科技有限责任公司,类D,818690.090000,303201.970000,54579.339333,0.629650,22,83,0.312500,0.045977,0.031250,0.000000,24,5,1.914883,4,38,0.323461,0.265687,0.629650
E369,***网络技术有限公司,类C,1416940.030000,637106.370000,44279.375938,0.550365,200,152,0.065421,0.055901,0.009346,0.000000,36,1,0.775512,19,31,0.240411,0.115594,0.550365
E370,***设计服务部,类D,2021150.330000,800.140000,72183.940357,0.999604,470,3,0.056225,0.250000,0.018072,0.000000,28,1,0.780348,89,2,0.082863,0.551366,0.999604
E371,***自动化科技有限公司,类D,1237223.200000,186151.180000,68734.622222,0.849541,26,80,0.187500,0.012346,0.000000,0.000000,24,4,1.310938,9,31,0.213263,0.122536,0.849541
E372,***汽车维修有限责任公司,类C,2065282.130000,548783.330000,55818.435946,0.734282,536,323,0.085324,0.003086,0.035836,0.000000,38,0,0.494106,143,54,0.140009,0.092041,0.734282
E373,个体经营E373 ,类D,1320702.460000,19766080.820000,37734.356000,-13.966339,109,868,0.026786,0.014756,0.000000,0.002270,36,1,2.860040,18,105,0.299280,0.126473,13.966339
E374,***建材经营部,类D,1268347.170000,47130.240000,55145.529130,0.962841,204,3,0.180723,0.000000,0.000000,0.000000,23,1,1.030899,47,2,0.072504,0.977833,0.962841
E375,***电器经营部,类C,985964.720000,528.300000,31805.313548,0.999464,357,2,0.053050,0.000000,0.000000,0.000000,31,0,0.682487,225,1,0.027964,1.000000,0.999464
E376,***建筑装饰设计有限责任公司,类D,566469.260000,6353.540000,47205.771667,0.988784,45,3,0.150943,0.000000,0.000000,0.000000,14,4,1.339147,13,2,0.232750,0.847527,0.988784
E377,***文化传播有限公司,类D,779587.070000,245984.740000,33895.090000,0.684468,58,108,0.333333,0.018182,0.022989,0.000000,33,1,1.244802,25,29,0.101215,0.235277,0.684468
E378,***商贸有限公司,类D,877931.620000,1178656.780000,27435.363125,-0.342538,298,685,0.176796,0.010116,0.024862,0.005780,34,2,1.831102,72,60,0.124677,0.249806,0.342538
E379,***药业有限公司,类C,2260264.930000,1294317.860000,72911.771935,0.427360,155,369,0.351464,0.041558,0.000000,0.007792,38,1,0.720255,49,93,0.342372,0.214678,0.427360
E380,***建材有限公司,类D,1226591.110000,528.300000,81772.740667,0.999569,166,2,0.117021,0.000000,0.085106,0.000000,17,6,1.093011,6,2,0.894948,0.500000,0.999569
E381,***通信网络工程有限公司,类D,1495993.290000,84704521.000000,106856.663571,-55.620923,80,1766,0.024390,0.031267,0.207317,0.002194,37,9,0.738216,14,195,0.175500,0.054181,55.620923
E382,***教育信息咨询有限公司***分公司,类D,516453.400000,699.240000,25822.670000,0.998646,88,2,0.000000,0.000000,0.000000,0.000000,21,2,0.554123,77,2,0.015447,0.529882,0.998646
E383,***通讯器材经营部,类D,812322.310000,227271.780000,54154.820667,0.720220,111,13,0.119048,0.000000,0.055556,0.000000,20,6,0.973848,10,7,0.759489,0.872832,0.720220
E384,个体经营E384 ,类D,2003973.710000,2536964.060000,250496.713750,-0.265967,27,236,0.156250,0.044534,0.000000,0.012146,35,11,0.714978,4,78,0.641724,0.079401,0.265967
E385,***装饰工程有限公司,类D,471838.440000,13660.670000,47183.844000,0.971048,12,29,0.571429,0.064516,0.035714,0.000000,19,4,0.784880,7,7,0.249339,0.279084,0.971048
E386,个体经营E386 ,类D,4145631.130000,183097.060000,318894.702308,0.955834,54,398,0.181818,0.007481,0.060606,0.000000,27,10,0.585408,6,113,0.387820,0.048474,0.955834
E387,***农副产品经营部,类D,825146.780000,1258.420000,29469.527857,0.998475,86,3,0.085106,0.000000,0.000000,0.000000,28,1,0.061164,8,1,0.561922,1.000000,0.998475
E388,***商贸有限公司,类C,1031505.400000,93133.580000,29471.582857,0.909711,319,291,0.098870,0.003425,0.000000,0.003425,37,1,0.647647,84,56,0.084090,0.308681,0.909711
E389,***清洁服务有限公司,类D,461618.420000,2836.560000,41965.310909,0.993855,63,2,0.015625,0.000000,0.000000,0.000000,11,2,0.612558,2,2,0.985386,0.739564,0.993855
E390,***建筑工程有限公司,类D,794083.140000,6885.330000,158816.628000,0.991329,14,16,0.000000,0.000000,0.000000,0.000000,13,6,0.401672,1,14,1.000000,0.154993,0.991329
E391,***五金店,类C,1313751.000000,839.620000,34572.394737,0.999361,318,3,0.091429,0.000000,0.011429,0.000000,38,0,0.633066,102,2,0.055755,0.533392,0.999361
E392,***科技有限公司,类C,1009536.890000,88514.420000,31548.027813,0.912322,227,179,0.126923,0.000000,0.007692,0.000000,36,1,1.074936,164,31,0.036087,0.183766,0.912322
E393,***商贸有限责任公司,类C,893770.030000,373649.920000,24826.945278,0.581940,544,23,0.103789,0.041667,0.016474,0.000000,36,0,0.263552,164,6,0.065731,0.532220,0.581940
E394,***环保设计研究院（有限合伙）,类C,1071989.320000,751513.690000,107198.932000,0.298954,21,533,0.734177,0.032668,0.000000,0.009074,35,4,0.937376,11,131,0.186940,0.076192,0.298954
E395,***网络科技有限公司,类D,1900800.640000,231871.950000,67885.737143,0.878014,94,133,0.323741,0.029197,0.021583,0.021898,32,1,1.259492,18,37,0.206906,0.205428,0.878014
E396,***文化传播有限公司,类C,618130.350000,448666.610000,41208.690000,0.274155,65,198,0.071429,0.061611,0.042857,0.000000,33,9,1.151485,14,96,0.208752,0.080896,0.274155
E397,***大闸蟹经营部,类D,650214.960000,383834.100000,46443.925714,0.409681,132,19,0.278689,0.000000,0.000000,0.000000,15,8,0.665617,66,4,0.071595,0.872546,0.409681
E398,***医疗管理咨询有限公司,类D,618867.380000,77724.010000,30943.369000,0.874409,89,73,0.000000,0.013514,0.000000,0.000000,33,4,1.716927,24,20,0.650607,0.221275,0.874409
E399,***装饰工程有限公司,类D,442160.010000,18163.240000,63165.715714,0.958922,15,52,0.210526,0.000000,0.000000,0.000000,26,7,0.851523,9,13,0.250247,0.311946,0.958922
E400,***办公用品经营部,类D,815647.970000,63453.470000,38840.379524,0.922205,122,16,0.089552,0.000000,0.000000,0.000000,27,4,0.609298,21,4,0.106262,0.573652,0.922205
E401,***遮阳技术发展中心,类D,314030.710000,165356.500000,18472.394706,0.473438,39,28,0.493506,0.000000,0.000000,0.000000,25,4,1.769496,14,10,0.247180,0.301700,0.473438
E402,***商贸有限公司,类D,470389.580000,413456.700000,39199.131667,0.121033,22,57,0.120000,0.000000,0.080000,0.000000,16,6,0.780745,4,5,0.356775,0.993953,0.121033
E403,***机械有限公司,类C,1197548.350000,90426.810000,32366.171622,0.924490,61,108,0.128571,0.018182,0.000000,0.000000,37,1,1.203217,10,53,0.317600,0.053433,0.924490
E404,个体经营E404 ,类D,830292.220000,816347.350000,138382.036667,0.016795,15,25,0.285714,0.137931,0.000000,0.000000,15,11,1.118081,4,12,0.458466,0.233589,0.016795
E405,***职业技能服务有限公司,类D,591433.000000,86172.260000,39428.866667,0.854299,25,17,0.444444,0.055556,0.000000,0.000000,17,5,1.777245,12,5,0.295489,0.890698,0.854299
E406,***招投标代理有限公司,类D,831766.440000,191619.410000,69313.870000,0.769624,24,52,0.225806,0.000000,0.032258,0.000000,24,5,1.273526,5,34,0.320121,0.152026,0.769624
E407,***装饰工程有限公司,类D,1848944.650000,388120.850000,142226.511538,0.790085,31,148,0.295455,0.006711,0.045455,0.013423,29,5,0.880792,5,53,0.351896,0.221008,0.790085
E408,***空调制冷有限责任公司,类D,522142.940000,60304.620000,34809.529333,0.884506,26,39,0.187500,0.025000,0.000000,0.000000,26,5,0.623678,10,11,0.273945,0.224686,0.884506
E409,***塑胶有限公司,类D,216430.450000,47059.720000,8324.248077,0.782564,90,15,0.108911,0.000000,0.000000,0.000000,26,1,1.161355,37,5,0.086248,0.431552,0.782564
E410,***网络科技有限公司,类D,406965.830000,16780.680000,15652.531923,0.958766,65,105,0.015152,0.000000,0.015152,0.038095,29,3,1.073475,41,10,0.078243,0.382559,0.958766
E411,***机电设备有限公司,类C,260305.240000,245753.440000,9640.934815,0.055903,67,109,0.309278,0.000000,0.041237,0.000000,33,2,1.202018,28,33,0.098338,0.670611,0.055903
E412,***汽车贸易有限公司,类C,320552.780000,65895.240000,9713.720606,0.794432,137,83,0.080537,0.034884,0.000000,0.000000,35,2,0.986810,82,19,0.032271,0.160607,0.794432
E413,***石材工艺品有限公司,类D,286978.870000,24463.710000,40996.981429,0.914754,33,62,0.175000,0.000000,0.000000,0.000000,18,11,1.280042,7,9,0.449249,0.249219,0.914754
E414,***物流有限责任公司***分公司,类D,377087.370000,9804.720000,53869.624286,0.973999,11,6,0.214286,0.000000,0.000000,0.000000,11,2,1.194524,6,4,0.329575,0.444963,0.973999
E415,***广告设计服务部,类C,85328.750000,17142.860000,3709.945652,0.799096,208,2,0.000000,0.000000,0.033654,0.000000,23,0,0.759591,185,1,0.011052,1.000000,0.799096
E416,***科技有限公司,类D,209414.410000,105461.630000,26176.801250,0.496397,23,7,0.080000,0.125000,0.000000,0.000000,13,21,0.550030,5,5,0.404407,0.969717,0.496397
E417,***园林景观工程有限公司,类C,161669.920000,155036.390000,40417.480000,0.041031,6,127,0.000000,0.007812,0.000000,0.000000,31,6,0.835401,2,23,0.516796,0.307034,0.041031
E418,***营销策划有限公司,类D,425830.540000,46292.930000,47314.504444,0.891288,20,71,0.130435,0.000000,0.000000,0.000000,20,11,1.653676,12,31,0.365189,0.158543,0.891288
E419,***科技有限公司,类D,52075.470000,11780867.650000,13018.867500,-225.226814,4,1278,0.000000,0.019939,0.000000,0.009969,38,13,0.243806,2,193,0.600924,0.567403,225.226814
E420,***康药房,类D,71630.270000,1875705.460000,2387.675667,-25.185933,114,151,0.095238,0.013072,0.000000,0.000000,32,2,0.863506,72,20,0.028052,0.245766,25.185933
E421,***保温材料有限公司,类D,245700.760000,30393.810000,49140.152000,0.876297,28,19,0.034483,0.000000,0.000000,0.000000,16,9,1.115568,5,5,0.448898,0.851567,0.876297
E422,***童装店,类D,27018.310000,889.390000,2078.331538,0.967082,27,3,0.100000,0.000000,0.000000,0.000000,14,3,1.469917,20,2,0.132286,0.665721,0.967082
E423,***通风设备有限公司,类D,72786.400000,61046.140000,12131.066667,0.161297,6,21,0.142857,0.000000,0.000000,0.047619,17,10,0.773447,3,8,0.390098,0.487579,0.161297
E424,***贸易有限公司,类D,76896.420000,254329.900000,5915.109231,-2.307435,37,25,0.139535,0.000000,0.046512,0.000000,18,4,2.879628,21,13,0.684234,0.725151,2.307435
E425,***商贸有限公司,类D,85126.210000,57196.250000,28375.403333,0.328101,10,116,0.444444,0.016949,0.000000,0.025424,21,13,0.629517,2,27,0.892453,0.082844,0.328101
