企业代号,企业名称,行业类别,冲击等级,情景,脆弱性修正系数,脆弱性原因,收入下降率,毛利率下降幅度,波动系数上升率,经营月份减少数,调整前信用得分,信用得分,调整前风险等级,风险等级,调整前贷款额度_万元,最终贷款额度_万元,调整前贷款年利率,建议贷款年利率
E124,个体经营E124 ,可选消费与门店经营,高冲击,base,1.150000,毛利率<5%,0.345000,0.115000,0.575000,2,80.756869,75.664709,低风险,较低风险,82.681182,58.573679,0.046500,0.074500
E125,个体经营E125 ,可选消费与门店经营,高冲击,base,1.150000,毛利率<5%,0.345000,0.115000,0.575000,2,86.169690,80.992473,低风险,低风险,87.552721,62.169919,0.046500,0.046500
E126,个体经营E126 ,可选消费与门店经营,高冲击,base,1.000000,,0.300000,0.100000,0.500000,2,73.909527,72.782058,较低风险,较低风险,76.518574,56.627889,0.074500,0.074500
E127,个体经营E127 ,可选消费与门店经营,高冲击,base,1.000000,,0.300000,0.100000,0.500000,2,76.077508,74.737905,较低风险,较低风险,78.469757,57.948086,0.074500,0.074500
E128,个体经营E128 ,可选消费与门店经营,高冲击,base,1.350000,客户集中度HHI>0.80；销项收入波动系数>1.00,0.405000,0.135000,0.675000,3,68.598418,60.891142,较低风险,中风险,71.738576,0.000000,0.070500,0.000000
E129,个体经营E129 ,可选消费与门店经营,高冲击,base,1.000000,,0.300000,0.100000,0.500000,2,85.802441,84.776497,低风险,低风险,87.222197,64.724135,0.046500,0.046500
E130,个体经营E130 ,可选消费与门店经营,高冲击,base,1.150000,销项收入波动系数>1.00,0.345000,0.115000,0.575000,2,68.353692,61.339758,较低风险,中风险,71.518323,0.000000,0.070500,0.000000
E131,个体经营E131 ,可选消费与门店经营,高冲击,base,1.000000,,0.300000,0.100000,0.500000,2,92.230228,85.163724,低风险,低风险,93.007205,64.985514,0.046500,0.046500
E132,个体经营E132 ,可选消费与门店经营,高冲击,base,1.000000,,0.300000,0.100000,0.500000,2,83.713538,77.409580,低风险,较低风险,85.342185,59.751466,0.046500,0.074500
E133,个体经营E133 ,可选消费与门店经营,高冲击,base,1.150000,销项收入波动系数>1.00,0.345000,0.115000,0.575000,2,62.489146,54.892127,中风险,中风险,50.000000,0.000000,0.106500,0.000000
E134,***工程咨询有限公司,建筑与工程,中高冲击,base,1.000000,,0.220000,0.075000,0.380000,2,74.225712,70.908988,较低风险,较低风险,76.803140,60.530833,0.074500,0.074500
E135,***建设工程有限公司,建筑与工程,中高冲击,base,1.000000,,0.220000,0.075000,0.380000,2,68.135745,64.533653,较低风险,中风险,71.322170,41.000000,0.070500,0.106500
E136,***机械有限责任公司,制造与设备,中冲击,base,1.350000,供应商集中度HHI>0.80；毛利率<5%,0.202500,0.067500,0.337500,1,64.290576,57.522124,中风险,中风险,50.000000,45.000000,0.106500,0.110500
E137,***建设工程有限公司,建筑与工程,中高冲击,base,1.150000,销项收入波动系数>1.00,0.253000,0.086250,0.437000,2,79.920546,74.144657,较低风险,较低风险,80.000000,62.918757,0.074500,0.074500
E138,个体经营E138 ,可选消费与门店经营,高冲击,base,1.000000,,0.300000,0.100000,0.500000,2,67.337497,63.581985,较低风险,中风险,70.603748,37.500000,0.070500,0.106500
E139,个体经营E139 ,可选消费与门店经营,高冲击,base,1.000000,,0.300000,0.100000,0.500000,2,75.102174,68.156472,较低风险,较低风险,77.591956,53.505619,0.074500,0.070500
E140,***建筑工程有限公司,建筑与工程,中高冲击,base,1.000000,,0.220000,0.075000,0.380000,2,69.436051,65.027388,较低风险,较低风险,72.492446,56.190213,0.070500,0.070500
E141,***食品有限公司,食品与基础民生,低冲击,base,1.000000,,0.050000,0.020000,0.100000,0,79.834524,79.325494,较低风险,较低风险,80.000000,80.000000,0.074500,0.074500
E142,***运业有限公司,其他服务,中冲击,base,1.000000,,0.150000,0.050000,0.250000,1,69.369218,69.332247,较低风险,较低风险,72.432296,65.159120,0.070500,0.074500
E143,***电子科技有限公司,科技与线上服务,中冲击,base,1.150000,销项收入波动系数>1.00,0.172500,0.057500,0.287500,1,69.858474,67.933966,较低风险,较低风险,72.872627,64.026513,0.070500,0.070500
E144,***劳务有限公司,其他服务,中冲击,base,1.000000,,0.150000,0.050000,0.250000,1,64.590880,62.380291,中风险,中风险,50.000000,45.000000,0.106500,0.106500
E145,***工贸有限公司,其他服务,中冲击,base,1.150000,毛利率<5%,0.172500,0.057500,0.287500,1,82.638433,78.933478,低风险,较低风险,84.374590,72.000000,0.046500,0.074500
E146,***基础建设工程有限公司,建筑与工程,中高冲击,base,1.000000,,0.220000,0.075000,0.380000,2,77.037768,71.367092,较低风险,较低风险,79.333991,60.868914,0.074500,0.074500
E147,***装饰工程有限责任公司,装饰装修与家居,高冲击,base,1.000000,,0.300000,0.100000,0.500000,2,88.171545,81.214555,低风险,低风险,89.354390,62.319825,0.046500,0.046500
E148,***商贸有限公司,普通批发商贸,中冲击,base,1.000000,,0.150000,0.050000,0.250000,1,69.373987,67.227248,较低风险,较低风险,72.436589,63.454071,0.070500,0.070500
E149,***建筑劳务有限公司,建筑与工程,中高冲击,base,1.000000,,0.220000,0.075000,0.380000,2,57.386465,53.791161,中风险,中风险,0.000000,41.000000,0.110500,0.110500
E150,***建设工程有限公司,建筑与工程,中高冲击,base,1.000000,,0.220000,0.075000,0.380000,2,78.440739,74.218058,较低风险,较低风险,80.000000,62.972927,0.074500,0.074500
E151,***路桥工程有限公司,建筑与工程,中高冲击,base,1.000000,,0.220000,0.075000,0.380000,2,60.306157,56.600887,中风险,中风险,50.000000,41.000000,0.110500,0.110500
E152,***运贸有限责任公司,其他服务,中冲击,base,1.000000,,0.150000,0.050000,0.250000,1,62.529331,61.034774,中风险,中风险,50.000000,45.000000,0.106500,0.106500
E153,个体经营E153 ,可选消费与门店经营,高冲击,base,1.150000,销项收入波动系数>1.00,0.345000,0.115000,0.575000,2,56.503199,51.369923,中风险,中风险,0.000000,0.000000,0.110500,0.000000
E154,***汽车销售服务有限公司,其他服务,中冲击,base,1.150000,毛利率<5%,0.172500,0.057500,0.287500,1,63.125687,60.704255,中风险,中风险,50.000000,45.000000,0.106500,0.106500
E155,个体经营E155 ,可选消费与门店经营,高冲击,base,1.000000,,0.300000,0.100000,0.500000,2,70.331871,63.655114,较低风险,中风险,73.298684,37.500000,0.070500,0.106500
E156,个体经营E156 ,可选消费与门店经营,高冲击,base,1.150000,销项收入波动系数>1.00,0.345000,0.115000,0.575000,2,57.520093,51.528120,中风险,中风险,37.651566,0.000000,0.110500,0.000000
E157,***环境设备工程有限公司,建筑与工程,中高冲击,base,1.150000,销项收入波动系数>1.00,0.253000,0.086250,0.437000,2,66.170379,62.349735,较低风险,中风险,69.553341,41.000000,0.070500,0.106500
E158,***装饰工程有限公司,装饰装修与家居,高冲击,base,1.350000,供应商集中度HHI>0.80；销项收入波动系数>1.00,0.405000,0.135000,0.675000,3,62.146529,53.969957,中风险,中风险,50.000000,0.000000,0.106500,0.000000
E159,个体经营E159 ,可选消费与门店经营,高冲击,base,1.000000,,0.300000,0.100000,0.500000,2,79.224865,74.103487,较低风险,较低风险,80.000000,57.519854,0.074500,0.074500
E160,***钢结构工程有限公司,建筑与工程,中高冲击,base,1.000000,,0.220000,0.075000,0.380000,2,81.471509,76.096877,低风险,较低风险,83.324358,64.359495,0.046500,0.074500
E161,***建筑劳务有限责任公司,建筑与工程,中高冲击,base,1.000000,,0.220000,0.075000,0.380000,2,62.421366,56.822760,中风险,中风险,50.000000,41.000000,0.106500,0.110500
E162,***网络信息安全有限公司,科技与线上服务,中冲击,base,1.300000,销项收入波动系数>1.00；毛利率<5%,0.195000,0.065000,0.325000,1,79.283838,73.892799,较低风险,较低风险,80.000000,68.853167,0.074500,0.074500
E163,***物流有限公司,物流运输,中冲击,base,1.000000,,0.150000,0.050000,0.250000,1,68.987954,66.252608,较低风险,较低风险,72.089159,62.664612,0.070500,0.070500
E164,个体经营E164 ,可选消费与门店经营,高冲击,base,1.000000,,0.300000,0.100000,0.500000,2,76.968177,71.337573,较低风险,较低风险,79.271359,55.652862,0.074500,0.074500
E165,***文化传媒股份有限公司,文娱广告与线下服务,高冲击,base,1.000000,,0.300000,0.100000,0.500000,2,82.210799,77.427357,低风险,较低风险,83.989720,59.763466,0.046500,0.074500
E166,***建筑工程有限公司,建筑与工程,中高冲击,base,1.250000,销项收入波动系数>1.00；第二问高风险池,0.275000,0.093750,0.475000,2,41.562337,37.990385,高风险,高风险,0.000000,0.000000,0.122500,0.122500
E167,***体育文化股份有限公司,文娱广告与线下服务,高冲击,base,1.150000,毛利率<5%,0.345000,0.115000,0.575000,2,81.575594,73.840960,低风险,较低风险,83.418034,57.342648,0.046500,0.074500
E168,***建材有限公司,建筑与工程,中高冲击,base,1.000000,,0.220000,0.075000,0.380000,2,53.546518,50.471706,中风险,中风险,0.000000,41.000000,0.110500,0.110500
E169,***建筑设计有限公司,建筑与工程,中高冲击,base,1.000000,,0.220000,0.075000,0.380000,2,82.255953,77.976376,低风险,较低风险,84.030358,65.600000,0.046500,0.074500
E170,***建筑劳务有限公司,建筑与工程,中高冲击,base,1.000000,,0.220000,0.075000,0.380000,2,64.892760,62.095747,中风险,中风险,50.000000,41.000000,0.106500,0.106500
E171,***质量检验测试站,其他服务,中冲击,base,1.000000,,0.150000,0.050000,0.250000,1,78.725413,77.159823,较低风险,较低风险,80.000000,71.499456,0.074500,0.074500
E172,***物流有限公司,物流运输,中冲击,base,1.000000,,0.150000,0.050000,0.250000,1,69.468968,67.411175,较低风险,较低风险,72.522072,63.603052,0.070500,0.070500
E173,***贸易有限责任公司,普通批发商贸,中冲击,base,1.150000,毛利率<5%,0.172500,0.057500,0.287500,1,81.645935,78.146500,低风险,较低风险,83.481341,72.000000,0.046500,0.074500
E174,***工程技术有限公司,建筑与工程,中高冲击,base,1.000000,,0.220000,0.075000,0.380000,2,76.621670,72.585987,较低风险,较低风险,78.959503,61.768458,0.074500,0.074500
E175,***食品集团有限公司,食品与基础民生,低冲击,base,1.300000,销项收入波动系数>1.00；毛利率<5%,0.065000,0.026000,0.130000,0,74.704265,73.272457,较低风险,较低风险,77.233838,75.945212,0.074500,0.074500
E176,***科技有限公司,科技与线上服务,中冲击,base,1.000000,,0.150000,0.050000,0.250000,1,67.269619,66.174221,较低风险,较低风险,70.542657,62.601119,0.070500,0.070500
E177,***电力工程有限公司,建筑与工程,中高冲击,base,1.150000,销项收入波动系数>1.00,0.253000,0.086250,0.437000,2,75.784014,70.513710,较低风险,较低风险,78.205613,60.239118,0.074500,0.074500
E178,***贸易有限公司,普通批发商贸,中冲击,base,1.150000,毛利率<5%,0.172500,0.057500,0.287500,1,71.392116,68.031786,较低风险,较低风险,74.252905,64.105747,0.070500,0.070500
E179,***园林有限公司,建筑与工程,中高冲击,base,1.000000,,0.220000,0.075000,0.380000,2,67.627481,64.175623,较低风险,中风险,70.864733,41.000000,0.070500,0.106500
E180,***电气有限公司,其他服务,中冲击,base,1.000000,,0.150000,0.050000,0.250000,1,78.911399,77.038911,较低风险,较低风险,80.000000,71.401518,0.074500,0.074500
E181,***食品有限公司,食品与基础民生,低冲击,base,1.150000,毛利率<5%,0.057500,0.023000,0.115000,0,71.063317,71.577813,较低风险,较低风险,73.956985,74.420031,0.070500,0.074500
E182,***新材料科技有限公司,科技与线上服务,中冲击,base,1.000000,,0.150000,0.050000,0.250000,1,75.850004,73.073596,较低风险,较低风险,78.265004,68.189613,0.074500,0.074500
E183,***建设工程有限公司,建筑与工程,中高冲击,base,1.000000,,0.220000,0.075000,0.380000,2,62.993445,60.527702,中风险,中风险,50.000000,41.000000,0.106500,0.106500
E184,***建筑装饰工程有限公司,装饰装修与家居,高冲击,base,1.150000,销项收入波动系数>1.00,0.345000,0.115000,0.575000,2,70.265643,65.297255,较低风险,较低风险,73.239079,0.000000,0.070500,0.000000
E185,***生态魔芋有限公司,其他服务,中冲击,base,1.000000,,0.150000,0.050000,0.250000,1,64.677025,62.736283,中风险,中风险,50.000000,45.000000,0.106500,0.106500
E186,***建筑劳务有限公司,建筑与工程,中高冲击,base,1.150000,销项收入波动系数>1.00,0.253000,0.086250,0.437000,2,55.415853,51.855550,中风险,中风险,0.000000,41.000000,0.110500,0.110500
E187,个体经营E187 ,可选消费与门店经营,高冲击,base,1.150000,毛利率<5%,0.345000,0.115000,0.575000,2,36.397335,33.087995,高风险,高风险,0.000000,0.000000,0.000000,0.000000
E188,***硬质合金有限公司,其他服务,中冲击,base,1.150000,毛利率<5%,0.172500,0.057500,0.287500,1,81.898536,78.771078,低风险,较低风险,83.708682,72.000000,0.046500,0.074500
E189,***石油工程技术服务有限公司,科技与线上服务,中冲击,base,1.150000,销项收入波动系数>1.00,0.172500,0.057500,0.287500,1,70.686479,68.530571,较低风险,较低风险,73.617831,64.509762,0.070500,0.070500
E190,***劳务有限公司,其他服务,中冲击,base,1.000000,,0.150000,0.050000,0.250000,1,57.044594,54.822006,中风险,中风险,0.000000,45.000000,0.110500,0.110500
E191,***商贸有限责任公司,普通批发商贸,中冲击,base,1.150000,毛利率<5%,0.172500,0.057500,0.287500,1,81.302318,78.797858,低风险,较低风险,83.172087,72.000000,0.046500,0.074500
E192,***建设工程有限公司,建筑与工程,中高冲击,base,1.100000,第二问高风险池,0.242000,0.082500,0.418000,2,44.720590,42.622924,高风险,高风险,0.000000,24.600000,0.122500,0.122500
E193,个体经营E193 ,可选消费与门店经营,高冲击,base,1.000000,,0.300000,0.100000,0.500000,2,75.276702,71.401488,较低风险,较低风险,77.749032,55.696004,0.074500,0.074500
E194,***文化传播有限公司,文娱广告与线下服务,高冲击,base,1.000000,,0.300000,0.100000,0.500000,2,71.618661,68.211392,较低风险,较低风险,74.456795,53.542690,0.070500,0.070500
E195,***医药有限公司,医疗药品与健康服务,低冲击,base,1.000000,,0.050000,0.020000,0.100000,0,84.254562,83.683728,低风险,低风险,85.829106,85.315355,0.046500,0.046500
E196,***地质制图印刷厂,其他服务,中冲击,base,1.000000,,0.150000,0.050000,0.250000,1,76.009258,74.244435,较低风险,较低风险,78.408332,69.137993,0.074500,0.074500
E197,***医疗设备有限公司,医疗药品与健康服务,低冲击,base,1.000000,,0.050000,0.020000,0.100000,0,89.136244,88.133392,低风险,低风险,90.222619,89.320052,0.046500,0.046500
E198,***商贸有限公司,普通批发商贸,中冲击,base,1.150000,毛利率<5%,0.172500,0.057500,0.287500,1,65.025020,61.687954,较低风险,中风险,68.522518,45.000000,0.070500,0.106500
E199,***建筑劳务有限公司,建筑与工程,中高冲击,base,1.250000,销项收入波动系数>1.00；第二问高风险池,0.275000,0.093750,0.475000,2,42.386741,38.374215,高风险,高风险,0.000000,0.000000,0.122500,0.122500
E200,个体经营E200 ,可选消费与门店经营,高冲击,base,1.150000,毛利率<5%,0.345000,0.115000,0.575000,2,67.285700,58.955439,较低风险,中风险,70.557130,37.500000,0.070500,0.110500
E201,***物流有限责任公司,物流运输,中冲击,base,1.150000,销项收入波动系数>1.00,0.172500,0.057500,0.287500,1,68.127018,65.895413,较低风险,较低风险,71.314316,62.375285,0.070500,0.070500
E202,个体经营E202 ,可选消费与门店经营,高冲击,base,1.200000,客户集中度HHI>0.80,0.360000,0.120000,0.600000,2,56.061585,51.395638,中风险,中风险,0.000000,0.000000,0.110500,0.000000
E203,***建设工程有限公司,建筑与工程,中高冲击,base,1.150000,销项收入波动系数>1.00,0.253000,0.086250,0.437000,2,64.318539,60.843688,中风险,中风险,50.000000,41.000000,0.106500,0.106500
E204,***科技发展有限公司,科技与线上服务,中冲击,base,1.000000,,0.150000,0.050000,0.250000,1,78.159448,76.077105,较低风险,较低风险,80.000000,70.622455,0.074500,0.074500
E205,个体经营E205 ,可选消费与门店经营,高冲击,base,1.000000,,0.300000,0.100000,0.500000,2,64.242681,61.626113,中风险,中风险,50.000000,37.500000,0.106500,0.106500
E206,***建设工程有限公司,建筑与工程,中高冲击,base,1.000000,,0.220000,0.075000,0.380000,2,83.489250,79.381858,低风险,较低风险,85.140325,65.600000,0.046500,0.074500
E207,个体经营E207 ,可选消费与门店经营,高冲击,base,1.150000,销项收入波动系数>1.00,0.345000,0.115000,0.575000,2,72.573303,64.011882,较低风险,中风险,75.315973,0.000000,0.074500,0.000000
E208,个体经营E208 ,可选消费与门店经营,高冲击,base,1.150000,毛利率<5%,0.345000,0.115000,0.575000,2,67.649437,60.425118,较低风险,中风险,70.884493,37.500000,0.070500,0.106500
E209,***工程检测有限公司,建筑与工程,中高冲击,base,1.000000,,0.220000,0.075000,0.380000,2,75.605973,72.394404,较低风险,较低风险,78.045375,61.627070,0.074500,0.074500
E210,***建筑工程有限公司,建筑与工程,中高冲击,base,1.000000,,0.220000,0.075000,0.380000,2,50.926195,48.084660,中风险,高风险,0.000000,24.600000,0.110500,0.122500
E211,个体经营E211 ,可选消费与门店经营,高冲击,base,1.000000,,0.300000,0.100000,0.500000,2,64.201688,61.986301,中风险,中风险,50.000000,37.500000,0.106500,0.106500
E212,***建电管理咨询有限公司,其他服务,中冲击,base,1.000000,,0.150000,0.050000,0.250000,1,57.450195,56.028431,中风险,中风险,0.000000,45.000000,0.110500,0.110500
E213,***科技有限公司,科技与线上服务,中冲击,base,1.000000,,0.150000,0.050000,0.250000,1,78.282754,76.652059,较低风险,较低风险,80.000000,71.088168,0.074500,0.074500
E214,***建筑工程有限公司,建筑与工程,中高冲击,base,1.000000,,0.220000,0.075000,0.380000,2,68.413734,64.916270,较低风险,中风险,71.572361,41.000000,0.070500,0.106500
E215,***建筑工程有限公司,建筑与工程,中高冲击,base,1.000000,,0.220000,0.075000,0.380000,2,52.703281,49.477345,中风险,高风险,0.000000,24.600000,0.110500,0.122500
E216,***建设工程有限公司,建筑与工程,中高冲击,base,1.000000,,0.220000,0.075000,0.380000,2,69.819566,66.388411,较低风险,较低风险,72.837609,57.194648,0.070500,0.070500
E217,个体经营E217 ,可选消费与门店经营,高冲击,base,1.300000,销项收入波动系数>1.00；毛利率<5%,0.390000,0.130000,0.650000,3,32.714219,28.502897,高风险,高风险,0.000000,0.000000,0.000000,0.000000
E218,***建设工程有限公司,建筑与工程,中高冲击,base,1.300000,销项收入波动系数>1.00；毛利率<5%,0.286000,0.097500,0.494000,3,54.720828,47.494571,中风险,高风险,0.000000,0.000000,0.000000,0.000000
E219,***品牌营销策划有限公司,文娱广告与线下服务,高冲击,base,1.300000,销项收入波动系数>1.00；毛利率<5%,0.390000,0.130000,0.650000,3,63.980999,54.036434,中风险,中风险,50.000000,0.000000,0.106500,0.000000
E220,***文化传播有限公司,文娱广告与线下服务,高冲击,base,1.000000,,0.300000,0.100000,0.500000,2,78.307039,74.081181,较低风险,较低风险,80.000000,57.504797,0.074500,0.074500
E221,***测绘服务有限公司,其他服务,中冲击,base,1.000000,,0.150000,0.050000,0.250000,1,76.825419,74.828833,较低风险,较低风险,79.142877,69.611355,0.074500,0.074500
E222,***数码科技有限公司,科技与线上服务,中冲击,base,1.250000,销项收入波动系数>1.00；第二问高风险池,0.187500,0.062500,0.312500,1,67.644730,65.198950,较低风险,较低风险,30.000000,27.000000,0.070500,0.070500
E223,***科技有限公司,科技与线上服务,中冲击,base,1.150000,毛利率<5%,0.172500,0.057500,0.287500,1,57.280426,54.170684,中风险,中风险,0.000000,45.000000,0.110500,0.110500
E224,***纸业有限公司,其他服务,中冲击,base,1.150000,毛利率<5%,0.172500,0.057500,0.287500,1,74.659548,71.158055,较低风险,较低风险,77.193593,66.638025,0.074500,0.074500
E225,***物业服务有限责任公司***分公司,其他服务,中冲击,base,1.000000,,0.150000,0.050000,0.250000,1,80.327915,78.511255,低风险,较低风险,82.295123,72.000000,0.046500,0.074500
E226,***建设工程有限公司,建筑与工程,中高冲击,base,1.300000,销项收入波动系数>1.00；毛利率<5%,0.286000,0.097500,0.494000,3,64.076513,55.541182,中风险,中风险,50.000000,41.000000,0.106500,0.110500
E227,***安全技术有限公司,其他服务,中冲击,base,1.000000,,0.150000,0.050000,0.250000,1,75.732559,73.545082,较低风险,较低风险,78.159303,68.571516,0.074500,0.074500
E228,***文化发展有限公司,文娱广告与线下服务,高冲击,base,1.000000,,0.300000,0.100000,0.500000,2,69.339662,66.594447,较低风险,较低风险,72.405696,52.451252,0.070500,0.070500
E229,***家贸易有限公司,普通批发商贸,中冲击,base,1.150000,毛利率<5%,0.172500,0.057500,0.287500,1,65.994846,63.271036,较低风险,中风险,69.395362,45.000000,0.070500,0.106500
E230,***建筑劳务有限公司,建筑与工程,中高冲击,base,1.250000,销项收入波动系数>1.00；第二问高风险池,0.275000,0.093750,0.475000,2,48.414167,42.446907,高风险,高风险,0.000000,24.600000,0.122500,0.122500
E231,***建筑科技有限公司,科技与线上服务,中冲击,base,1.150000,毛利率<5%,0.172500,0.057500,0.287500,1,58.969851,55.664514,中风险,中风险,50.000000,45.000000,0.110500,0.110500
E232,***投资发展有限责任公司,其他服务,中冲击,base,1.150000,销项收入波动系数>1.00,0.172500,0.057500,0.287500,1,59.696476,56.751856,中风险,中风险,50.000000,45.000000,0.110500,0.110500
E233,***劳务有限公司,其他服务,中冲击,base,1.450000,客户集中度HHI>0.80；销项收入波动系数>1.00；第二问高风险池,0.217500,0.072500,0.362500,1,42.003675,40.143502,高风险,高风险,0.000000,27.000000,0.122500,0.122500
E234,***机电设备商贸有限公司,制造与设备,中冲击,base,1.000000,,0.150000,0.050000,0.250000,1,60.129459,60.520083,中风险,中风险,50.000000,45.000000,0.110500,0.106500
E235,个体经营E235 ,可选消费与门店经营,高冲击,base,1.000000,,0.300000,0.100000,0.500000,2,63.392074,61.232262,中风险,中风险,50.000000,37.500000,0.106500,0.106500
E236,个体经营E236 ,可选消费与门店经营,高冲击,base,1.100000,第二问高风险池,0.330000,0.110000,0.550000,2,47.786844,41.902239,高风险,高风险,0.000000,0.000000,0.122500,0.000000
E237,个体经营E237 ,可选消费与门店经营,高冲击,base,1.100000,第二问高风险池,0.330000,0.110000,0.550000,2,53.582765,49.372991,中风险,高风险,0.000000,0.000000,0.110500,0.000000
E238,个体经营E238 ,可选消费与门店经营,高冲击,base,1.000000,,0.300000,0.100000,0.500000,2,73.932646,71.711696,较低风险,较低风险,76.539382,55.905395,0.074500,0.074500
E239,个体经营E239 ,可选消费与门店经营,高冲击,base,1.150000,毛利率<5%,0.345000,0.115000,0.575000,2,60.110027,53.640896,中风险,中风险,50.000000,0.000000,0.110500,0.000000
E240,个体经营E240 ,可选消费与门店经营,高冲击,base,1.500000,客户集中度HHI>0.80；销项收入波动系数>1.00；毛利率<5%,0.450000,0.150000,0.750000,3,39.581968,33.218854,高风险,高风险,0.000000,0.000000,0.000000,0.000000
E241,个体经营E241 ,可选消费与门店经营,高冲击,base,1.000000,,0.300000,0.100000,0.500000,2,55.732532,53.927075,中风险,中风险,0.000000,37.500000,0.110500,0.110500
E242,个体经营E242 ,可选消费与门店经营,高冲击,base,1.150000,毛利率<5%,0.345000,0.115000,0.575000,2,34.920324,31.825772,高风险,高风险,0.000000,0.000000,0.000000,0.000000
E243,***科技有限公司,科技与线上服务,中冲击,base,1.000000,,0.150000,0.050000,0.250000,1,56.466504,55.350748,中风险,中风险,0.000000,45.000000,0.110500,0.110500
E244,个体经营E244 ,可选消费与门店经营,高冲击,base,1.000000,,0.300000,0.100000,0.500000,2,56.669470,54.352828,中风险,中风险,0.000000,37.500000,0.110500,0.110500
E245,***建筑劳务有限公司,建筑与工程,中高冲击,base,1.100000,第二问高风险池,0.242000,0.082500,0.418000,2,44.291006,42.055209,高风险,高风险,0.000000,24.600000,0.122500,0.122500
E246,***物业服务有限公司,其他服务,中冲击,base,1.000000,,0.150000,0.050000,0.250000,1,63.544107,63.056218,中风险,中风险,50.000000,45.000000,0.106500,0.106500
E247,***石化有限公司,其他服务,中冲击,base,1.000000,,0.150000,0.050000,0.250000,1,62.501036,61.062769,中风险,中风险,50.000000,45.000000,0.106500,0.106500
E248,***智能科技有限公司,科技与线上服务,中冲击,base,1.150000,销项收入波动系数>1.00,0.172500,0.057500,0.287500,1,64.178517,62.142189,中风险,中风险,50.000000,45.000000,0.106500,0.106500
E249,***建筑工程有限公司,建筑与工程,中高冲击,base,1.200000,客户集中度HHI>0.80,0.264000,0.090000,0.456000,2,58.603573,54.402936,中风险,中风险,50.000000,41.000000,0.110500,0.110500
E250,***塑料厂,其他服务,中冲击,base,1.000000,,0.150000,0.050000,0.250000,1,58.282893,57.801607,中风险,中风险,50.000000,45.000000,0.110500,0.110500
E251,***医疗器械有限责任公司,医疗药品与健康服务,低冲击,base,1.150000,销项收入波动系数>1.00,0.057500,0.023000,0.115000,0,57.376211,56.843927,中风险,中风险,0.000000,50.000000,0.110500,0.110500
E252,***印务有限公司,其他服务,中冲击,base,1.150000,销项收入波动系数>1.00,0.172500,0.057500,0.287500,1,66.712769,64.681877,较低风险,中风险,70.041492,45.000000,0.070500,0.106500
E253,***钢结构工程有限公司,建筑与工程,中高冲击,base,1.000000,,0.220000,0.075000,0.380000,2,65.859912,63.159017,较低风险,中风险,69.273921,41.000000,0.070500,0.106500
E254,***设备安装工程有限公司,建筑与工程,中高冲击,base,1.000000,,0.220000,0.075000,0.380000,2,53.079104,50.922007,中风险,中风险,0.000000,41.000000,0.110500,0.110500
E255,个体经营E255 ,可选消费与门店经营,高冲击,base,1.000000,,0.300000,0.100000,0.500000,2,57.830223,55.273733,中风险,中风险,50.000000,37.500000,0.110500,0.110500
E256,***物资有限公司,普通批发商贸,中冲击,base,1.000000,,0.150000,0.050000,0.250000,1,68.048572,67.679909,较低风险,较低风险,71.243715,63.820726,0.070500,0.070500
E257,***门窗安装有限公司,装饰装修与家居,高冲击,base,1.000000,,0.300000,0.100000,0.500000,2,60.434667,57.005415,中风险,中风险,50.000000,37.500000,0.110500,0.110500
E258,***国际货运有限公司,物流运输,中冲击,base,1.000000,,0.150000,0.050000,0.250000,1,67.272923,66.056816,较低风险,较低风险,70.545631,62.506021,0.070500,0.070500
E259,***文化传媒有限公司,文娱广告与线下服务,高冲击,base,1.000000,,0.300000,0.100000,0.500000,2,71.616405,68.790644,较低风险,较低风险,74.454765,53.933684,0.070500,0.070500
E260,***广告有限公司,文娱广告与线下服务,高冲击,base,1.000000,,0.300000,0.100000,0.500000,2,70.506954,67.338481,较低风险,较低风险,73.456258,52.953474,0.070500,0.070500
E261,***医疗器械有限公司,医疗药品与健康服务,低冲击,base,1.000000,,0.050000,0.020000,0.100000,0,65.314003,65.214061,较低风险,较低风险,68.782603,68.692655,0.070500,0.070500
E262,个体经营E262 ,可选消费与门店经营,高冲击,base,1.150000,销项收入波动系数>1.00,0.345000,0.115000,0.575000,2,65.466372,61.438590,较低风险,中风险,68.919735,0.000000,0.070500,0.000000
E263,***通信工程有限公司,建筑与工程,中高冲击,base,1.150000,销项收入波动系数>1.00,0.253000,0.086250,0.437000,2,56.527908,53.477960,中风险,中风险,0.000000,41.000000,0.110500,0.110500
E264,个体经营E264 ,可选消费与门店经营,高冲击,base,1.150000,毛利率<5%,0.345000,0.115000,0.575000,2,34.469857,31.666860,高风险,高风险,0.000000,0.000000,0.000000,0.000000
E265,***净化工程有限公司,建筑与工程,中高冲击,base,1.000000,,0.220000,0.075000,0.380000,2,65.013071,61.348108,较低风险,中风险,68.511764,41.000000,0.070500,0.106500
E266,***煤矿机械有限公司,制造与设备,中冲击,base,1.100000,第二问高风险池,0.165000,0.055000,0.275000,1,48.483960,47.523550,高风险,高风险,0.000000,27.000000,0.122500,0.122500
E267,***林园艺场,其他服务,中冲击,base,1.100000,第二问高风险池,0.165000,0.055000,0.275000,1,41.799149,40.776081,高风险,高风险,0.000000,27.000000,0.122500,0.122500
E268,***建筑劳务有限公司,建筑与工程,中高冲击,base,1.100000,第二问高风险池,0.242000,0.082500,0.418000,2,48.960622,47.034112,高风险,高风险,0.000000,24.600000,0.122500,0.122500
E269,***节能服务有限公司,其他服务,中冲击,base,1.250000,销项收入波动系数>1.00；第二问高风险池,0.187500,0.062500,0.312500,1,41.136931,39.861631,高风险,高风险,0.000000,0.000000,0.122500,0.122500
E270,个体经营E270 ,可选消费与门店经营,高冲击,base,1.000000,,0.300000,0.100000,0.500000,2,51.534319,49.798404,中风险,高风险,0.000000,0.000000,0.110500,0.000000
E271,***科技有限公司,科技与线上服务,中冲击,base,1.150000,销项收入波动系数>1.00,0.172500,0.057500,0.287500,1,65.465328,63.529459,较低风险,中风险,68.918795,45.000000,0.070500,0.106500
E272,个体经营E272 ,可选消费与门店经营,高冲击,base,1.150000,销项收入波动系数>1.00,0.345000,0.115000,0.575000,2,58.096802,56.068128,中风险,中风险,50.000000,0.000000,0.110500,0.000000
E273,个体经营E273 ,可选消费与门店经营,高冲击,base,1.000000,,0.300000,0.100000,0.500000,2,69.529865,68.028543,较低风险,较低风险,72.576878,53.419266,0.070500,0.070500
E274,***建筑劳务有限公司,建筑与工程,中高冲击,base,1.250000,销项收入波动系数>1.00；第二问高风险池,0.275000,0.093750,0.475000,2,37.884266,35.792893,高风险,高风险,0.000000,0.000000,0.122500,0.122500
E275,***网络工程有限公司,建筑与工程,中高冲击,base,1.100000,第二问高风险池,0.242000,0.082500,0.418000,2,48.813438,47.434256,高风险,高风险,0.000000,24.600000,0.122500,0.122500
E276,***体育设施工程有限公司,文娱广告与线下服务,高冲击,base,1.150000,销项收入波动系数>1.00,0.345000,0.115000,0.575000,2,50.406626,47.946752,中风险,高风险,0.000000,0.000000,0.110500,0.000000
E277,***消防设备制造有限公司,建筑与工程,中高冲击,base,1.000000,,0.220000,0.075000,0.380000,2,60.198701,57.912718,中风险,中风险,50.000000,41.000000,0.110500,0.110500
E278,***贸易有限公司,普通批发商贸,中冲击,base,1.150000,销项收入波动系数>1.00,0.172500,0.057500,0.287500,1,65.017578,63.463186,较低风险,中风险,68.515821,45.000000,0.070500,0.106500
E279,***环保包装有限公司,其他服务,中冲击,base,1.200000,客户集中度HHI>0.80,0.180000,0.060000,0.300000,1,56.904610,55.236276,中风险,中风险,0.000000,45.000000,0.110500,0.110500
E280,个体经营E280 ,可选消费与门店经营,高冲击,base,1.000000,,0.300000,0.100000,0.500000,2,68.786736,66.025424,较低风险,较低风险,71.908063,52.067161,0.070500,0.070500
E281,***商业管理有限责任公司,其他服务,中冲击,base,1.150000,毛利率<5%,0.172500,0.057500,0.287500,1,58.732262,55.980236,中风险,中风险,50.000000,45.000000,0.110500,0.110500
E282,***影城有限公司***分公司,其他服务,中冲击,base,1.100000,第二问高风险池,0.165000,0.055000,0.275000,1,59.762700,60.094300,中风险,中风险,0.000000,27.000000,0.110500,0.106500
E283,***机械铸造有限责任公司,制造与设备,中冲击,base,1.000000,,0.150000,0.050000,0.250000,1,67.863391,66.765554,较低风险,较低风险,71.077052,63.080099,0.070500,0.070500
E284,***成焊科技有限公司,科技与线上服务,中冲击,base,1.000000,,0.150000,0.050000,0.250000,1,66.511638,65.473798,较低风险,较低风险,69.860474,62.033776,0.070500,0.070500
E285,个体经营E285 ,可选消费与门店经营,高冲击,base,1.150000,销项收入波动系数>1.00,0.345000,0.115000,0.575000,2,60.256161,56.293611,中风险,中风险,50.000000,0.000000,0.110500,0.000000
E286,***印务有限公司,其他服务,中冲击,base,1.000000,,0.150000,0.050000,0.250000,1,54.187776,51.859898,中风险,中风险,0.000000,45.000000,0.110500,0.110500
E287,***鞋材有限公司,其他服务,中冲击,base,1.000000,,0.150000,0.050000,0.250000,1,65.363931,63.314269,较低风险,中风险,68.827538,45.000000,0.070500,0.106500
E288,个体经营E288 ,可选消费与门店经营,高冲击,base,1.000000,,0.300000,0.100000,0.500000,2,57.736864,54.593464,中风险,中风险,50.000000,37.500000,0.110500,0.110500
E289,***运业有限公司***分公司,其他服务,中冲击,base,1.000000,,0.150000,0.050000,0.250000,1,68.053159,67.834926,较低风险,较低风险,71.247843,63.946290,0.070500,0.070500
E290,***机电有限公司,制造与设备,中冲击,base,1.000000,,0.150000,0.050000,0.250000,1,59.516692,60.420610,中风险,中风险,50.000000,45.000000,0.110500,0.106500
E291,***文业建设工程有限公司,建筑与工程,中高冲击,base,1.600000,客户集中度HHI>0.80；销项收入波动系数>1.00；毛利率<5%；第二问高风险池,0.352000,0.120000,0.608000,3,33.171748,28.370197,高风险,高风险,0.000000,0.000000,0.122500,0.122500
E292,***物流有限公司,物流运输,中冲击,base,1.000000,,0.150000,0.050000,0.250000,1,63.272470,61.817309,中风险,中风险,50.000000,45.000000,0.106500,0.106500
E293,***物资有限公司,普通批发商贸,中冲击,base,1.300000,销项收入波动系数>1.00；毛利率<5%,0.195000,0.065000,0.325000,1,53.390787,50.500118,中风险,中风险,0.000000,45.000000,0.110500,0.110500
E294,个体经营E294 ,可选消费与门店经营,高冲击,base,1.000000,,0.300000,0.100000,0.500000,2,57.325465,55.642079,中风险,中风险,0.000000,37.500000,0.110500,0.110500
E295,***电器设备制造有限公司,制造与设备,中冲击,base,1.000000,,0.150000,0.050000,0.250000,1,63.046554,61.731682,中风险,中风险,50.000000,45.000000,0.106500,0.106500
E296,***装饰设计工程有限公司,装饰装修与家居,高冲击,base,1.250000,销项收入波动系数>1.00；第二问高风险池,0.375000,0.125000,0.625000,2,45.668898,44.099512,高风险,高风险,0.000000,0.000000,0.122500,0.000000
E297,***建筑机械租赁有限公司,建筑与工程,中高冲击,base,1.000000,,0.220000,0.075000,0.380000,2,50.792493,48.092643,中风险,高风险,0.000000,24.600000,0.110500,0.122500
E298,***电器维护服务有限公司,其他服务,中冲击,base,1.000000,,0.150000,0.050000,0.250000,1,60.098806,61.200108,中风险,中风险,50.000000,45.000000,0.110500,0.106500
E299,***压缩天然气有限责任公司,其他服务,中冲击,base,1.150000,毛利率<5%,0.172500,0.057500,0.287500,1,58.500412,55.915749,中风险,中风险,50.000000,45.000000,0.110500,0.110500
E300,***建设工程有限公司,建筑与工程,中高冲击,base,1.150000,销项收入波动系数>1.00,0.253000,0.086250,0.437000,2,60.689551,57.163123,中风险,中风险,50.000000,41.000000,0.110500,0.110500
E301,***企业管理咨询有限公司,其他服务,中冲击,base,1.150000,销项收入波动系数>1.00,0.172500,0.057500,0.287500,1,64.438290,63.313215,中风险,中风险,50.000000,45.000000,0.106500,0.106500
E302,***机电设备有限公司,制造与设备,中冲击,base,1.000000,,0.150000,0.050000,0.250000,1,58.709174,58.190633,中风险,中风险,50.000000,45.000000,0.110500,0.110500
E303,***图书发行有限公司,其他服务,中冲击,base,1.000000,,0.150000,0.050000,0.250000,1,52.266302,51.916113,中风险,中风险,0.000000,45.000000,0.110500,0.110500
E304,***环保科技有限公司,科技与线上服务,中冲击,base,1.150000,毛利率<5%,0.172500,0.057500,0.287500,1,57.104866,55.955934,中风险,中风险,0.000000,45.000000,0.110500,0.110500
E305,***劳务有限公司,其他服务,中冲击,base,1.000000,,0.150000,0.050000,0.250000,1,58.399670,57.296368,中风险,中风险,50.000000,45.000000,0.110500,0.110500
E306,个体经营E306 ,可选消费与门店经营,高冲击,base,1.000000,,0.300000,0.100000,0.500000,2,55.906821,54.030687,中风险,中风险,0.000000,37.500000,0.110500,0.110500
E307,***通信工程有限公司,建筑与工程,中高冲击,base,1.150000,销项收入波动系数>1.00,0.253000,0.086250,0.437000,2,50.407160,48.651693,中风险,高风险,0.000000,24.600000,0.110500,0.122500
E308,***餐饮文化服务有限公司,文娱广告与线下服务,高冲击,base,1.000000,,0.300000,0.100000,0.500000,2,66.306107,64.049285,较低风险,中风险,69.675496,37.500000,0.070500,0.106500
E309,个体经营E309 ,可选消费与门店经营,高冲击,base,1.000000,,0.300000,0.100000,0.500000,2,57.519071,54.960777,中风险,中风险,0.000000,37.500000,0.110500,0.110500
E310,***律师事务所,其他服务,中冲击,base,1.000000,,0.150000,0.050000,0.250000,1,67.879138,67.231239,较低风险,较低风险,71.091224,63.457304,0.070500,0.070500
E311,***律师事务所,其他服务,中冲击,base,1.000000,,0.150000,0.050000,0.250000,1,55.723642,55.020584,中风险,中风险,0.000000,45.000000,0.110500,0.110500
E312,***家居用品有限公司,装饰装修与家居,高冲击,base,1.150000,毛利率<5%,0.345000,0.115000,0.575000,2,56.569413,54.065965,中风险,中风险,0.000000,0.000000,0.000000,0.000000
E313,***物流有限公司,物流运输,中冲击,base,1.000000,,0.150000,0.050000,0.250000,1,62.580308,61.680976,中风险,中风险,50.000000,45.000000,0.106500,0.106500
E314,***房地产营销策划有限公司,文娱广告与线下服务,高冲击,base,1.000000,,0.300000,0.100000,0.500000,2,53.459178,51.649054,中风险,中风险,0.000000,37.500000,0.110500,0.110500
E315,***轮胎有限公司,其他服务,中冲击,base,1.000000,,0.150000,0.050000,0.250000,1,60.690578,61.954536,中风险,中风险,50.000000,45.000000,0.110500,0.106500
E316,个体经营E316 ,可选消费与门店经营,高冲击,base,1.150000,销项收入波动系数>1.00,0.345000,0.115000,0.575000,2,51.399045,49.156992,中风险,高风险,0.000000,0.000000,0.110500,0.000000
E317,***科技有限公司,科技与线上服务,中冲击,base,1.250000,销项收入波动系数>1.00；第二问高风险池,0.187500,0.062500,0.312500,1,44.783117,46.776325,高风险,高风险,0.000000,27.000000,0.122500,0.122500
E318,***商贸有限公司,普通批发商贸,中冲击,base,1.000000,,0.150000,0.050000,0.250000,1,51.035691,50.857819,中风险,中风险,0.000000,45.000000,0.110500,0.110500
E319,个体经营E319 ,可选消费与门店经营,高冲击,base,1.000000,,0.300000,0.100000,0.500000,2,67.864245,65.484709,较低风险,较低风险,71.077820,51.702179,0.070500,0.070500
E320,***建筑设计有限公司,建筑与工程,中高冲击,base,1.000000,,0.220000,0.075000,0.380000,2,55.309493,52.349829,中风险,中风险,0.000000,41.000000,0.110500,0.110500
E321,***生物流有限公司,物流运输,中冲击,base,1.000000,,0.150000,0.050000,0.250000,1,56.011230,55.460065,中风险,中风险,0.000000,45.000000,0.110500,0.110500
E322,***装饰工程设计有限公司,装饰装修与家居,高冲击,base,1.000000,,0.300000,0.100000,0.500000,2,61.170504,57.045893,中风险,中风险,50.000000,37.500000,0.110500,0.110500
E323,***建筑装饰工程有限公司,装饰装修与家居,高冲击,base,1.250000,销项收入波动系数>1.00；第二问高风险池,0.375000,0.125000,0.625000,2,48.765690,41.890906,高风险,高风险,0.000000,0.000000,0.122500,0.000000
E324,***汽贸有限公司,其他服务,中冲击,base,1.150000,毛利率<5%,0.172500,0.057500,0.287500,1,39.028611,37.759597,高风险,高风险,0.000000,0.000000,0.000000,0.000000
E325,***通讯器材有限公司,其他服务,中冲击,base,1.150000,毛利率<5%,0.172500,0.057500,0.287500,1,52.377366,51.356561,中风险,中风险,0.000000,45.000000,0.110500,0.110500
E326,***包装材料有限公司,制造与设备,中冲击,base,1.000000,,0.150000,0.050000,0.250000,1,64.551391,63.193592,中风险,中风险,50.000000,45.000000,0.106500,0.106500
E327,个体经营E327 ,可选消费与门店经营,高冲击,base,1.200000,客户集中度HHI>0.80,0.360000,0.120000,0.600000,2,58.770822,55.640457,中风险,中风险,50.000000,37.500000,0.110500,0.110500
E328,***科技有限公司,科技与线上服务,中冲击,base,1.150000,销项收入波动系数>1.00,0.172500,0.057500,0.287500,1,51.844135,50.683207,中风险,中风险,0.000000,45.000000,0.110500,0.110500
E329,***园艺有限责任公司,其他服务,中冲击,base,1.100000,第二问高风险池,0.165000,0.055000,0.275000,1,41.614478,40.861125,高风险,高风险,0.000000,27.000000,0.122500,0.122500
E330,***酒店管理有限公司,其他服务,中冲击,base,1.000000,,0.150000,0.050000,0.250000,1,67.892192,67.637147,较低风险,较低风险,71.102973,63.786089,0.070500,0.070500
E331,***广告有限公司,文娱广告与线下服务,高冲击,base,1.250000,销项收入波动系数>1.00；第二问高风险池,0.375000,0.125000,0.625000,2,49.853727,48.463072,高风险,高风险,0.000000,0.000000,0.122500,0.000000
E332,***商贸有限公司,普通批发商贸,中冲击,base,1.150000,销项收入波动系数>1.00,0.172500,0.057500,0.287500,1,60.079114,59.885305,中风险,中风险,50.000000,45.000000,0.110500,0.106500
E333,***房地产营销策划有限公司,文娱广告与线下服务,高冲击,base,1.000000,,0.300000,0.100000,0.500000,2,52.231662,50.806691,中风险,中风险,0.000000,37.500000,0.110500,0.110500
E334,***机械科技有限公司,科技与线上服务,中冲击,base,1.000000,,0.150000,0.050000,0.250000,1,55.671128,54.344916,中风险,中风险,0.000000,45.000000,0.110500,0.110500
E335,***挖掘机租赁经营部,其他服务,中冲击,base,1.100000,第二问高风险池,0.165000,0.055000,0.275000,1,49.359984,47.700433,高风险,高风险,0.000000,27.000000,0.122500,0.122500
E336,***猕猴桃专业合作社,其他服务,中冲击,base,1.450000,供应商集中度HHI>0.80；销项收入波动系数>1.00；第二问高风险池,0.217500,0.072500,0.362500,1,28.681112,28.777306,高风险,高风险,0.000000,0.000000,0.122500,0.122500
E337,个体经营E337 ,可选消费与门店经营,高冲击,base,1.000000,,0.300000,0.100000,0.500000,2,53.004317,51.710023,中风险,中风险,0.000000,37.500000,0.110500,0.110500
E338,***商贸有限公司,普通批发商贸,中冲击,base,1.250000,销项收入波动系数>1.00；第二问高风险池,0.187500,0.062500,0.312500,1,49.092250,48.082248,高风险,高风险,0.000000,27.000000,0.122500,0.122500
E339,***居益卫浴家俬厂,其他服务,中冲击,base,1.000000,,0.150000,0.050000,0.250000,1,58.102888,56.773139,中风险,中风险,50.000000,45.000000,0.110500,0.110500
E340,***物流有限公司,物流运输,中冲击,base,1.450000,供应商集中度HHI>0.80；销项收入波动系数>1.00；第二问高风险池,0.217500,0.072500,0.362500,1,36.795452,35.658215,高风险,高风险,0.000000,0.000000,0.122500,0.122500
E341,***纺织品有限公司,其他服务,中冲击,base,1.300000,供应商集中度HHI>0.80；第二问高风险池,0.195000,0.065000,0.325000,1,48.948600,48.369290,高风险,高风险,0.000000,27.000000,0.122500,0.122500
E342,***裕华机械厂,制造与设备,中冲击,base,1.000000,,0.150000,0.050000,0.250000,1,56.019019,55.737591,中风险,中风险,0.000000,45.000000,0.110500,0.110500
E343,***五金工具经营部,普通批发商贸,中冲击,base,1.300000,供应商集中度HHI>0.80；第二问高风险池,0.195000,0.065000,0.325000,1,41.830567,41.581343,高风险,高风险,0.000000,27.000000,0.122500,0.122500
E344,***机械有限公司,制造与设备,中冲击,base,1.150000,销项收入波动系数>1.00,0.172500,0.057500,0.287500,1,59.314480,57.833787,中风险,中风险,50.000000,45.000000,0.110500,0.110500
E345,***科技有限公司,科技与线上服务,中冲击,base,1.000000,,0.150000,0.050000,0.250000,1,52.819057,52.041477,中风险,中风险,0.000000,45.000000,0.110500,0.110500
E346,个体经营E346 ,可选消费与门店经营,高冲击,base,1.150000,毛利率<5%,0.345000,0.115000,0.575000,2,67.316941,62.061208,较低风险,中风险,70.585247,37.500000,0.070500,0.106500
E347,***不锈钢材料有限公司,制造与设备,中冲击,base,1.000000,,0.150000,0.050000,0.250000,1,56.428499,55.940236,中风险,中风险,0.000000,45.000000,0.110500,0.110500
E348,***酒店管理有限公司,其他服务,中冲击,base,1.000000,,0.150000,0.050000,0.250000,1,64.830849,64.437777,中风险,中风险,50.000000,45.000000,0.106500,0.106500
E349,***营销策划广告有限公司,文娱广告与线下服务,高冲击,base,1.200000,有效经营月份数<12；第二问高风险池,0.360000,0.120000,0.600000,2,39.163351,38.441972,高风险,高风险,0.000000,0.000000,0.122500,0.000000
E350,***演艺设备有限公司,制造与设备,中冲击,base,1.150000,销项收入波动系数>1.00,0.172500,0.057500,0.287500,1,51.473212,50.399210,中风险,中风险,0.000000,45.000000,0.110500,0.110500
E351,***文化传播有限公司,文娱广告与线下服务,高冲击,base,1.250000,销项收入波动系数>1.00；第二问高风险池,0.375000,0.125000,0.625000,2,42.735423,40.907255,高风险,高风险,0.000000,0.000000,0.122500,0.000000
E352,***居装饰工程有限公司,装饰装修与家居,高冲击,base,1.150000,毛利率<5%,0.345000,0.115000,0.575000,2,43.606315,41.272943,高风险,高风险,0.000000,0.000000,0.000000,0.000000
E353,***税务师事务所有限公司,其他服务,中冲击,base,1.100000,第二问高风险池,0.165000,0.055000,0.275000,1,48.519101,47.925911,高风险,高风险,0.000000,27.000000,0.122500,0.122500
E354,***广告有限公司,文娱广告与线下服务,高冲击,base,1.150000,销项收入波动系数>1.00,0.345000,0.115000,0.575000,2,51.837407,50.030731,中风险,中风险,0.000000,0.000000,0.110500,0.000000
E355,***地毯经营部,其他服务,中冲击,base,1.300000,供应商集中度HHI>0.80；第二问高风险池,0.195000,0.065000,0.325000,1,48.205640,47.819441,高风险,高风险,0.000000,27.000000,0.122500,0.122500
E356,***建材装饰部,装饰装修与家居,高冲击,base,1.500000,客户集中度HHI>0.80；供应商集中度HHI>0.80；第二问高风险池,0.450000,0.150000,0.750000,3,39.592312,37.816290,高风险,高风险,0.000000,0.000000,0.122500,0.000000
E357,***家居经营部,装饰装修与家居,高冲击,base,1.100000,第二问高风险池,0.330000,0.110000,0.550000,2,37.311743,36.407255,高风险,高风险,0.000000,0.000000,0.122500,0.000000
E358,***五金经营部,普通批发商贸,中冲击,base,1.300000,供应商集中度HHI>0.80；第二问高风险池,0.195000,0.065000,0.325000,1,34.522352,34.079588,高风险,高风险,0.000000,0.000000,0.122500,0.122500
E359,***厨房用品经营部,其他服务,中冲击,base,1.300000,供应商集中度HHI>0.80；第二问高风险池,0.195000,0.065000,0.325000,1,40.707065,40.208874,高风险,高风险,0.000000,27.000000,0.122500,0.122500
E360,***建筑劳务有限公司,建筑与工程,中高冲击,base,1.400000,供应商集中度HHI>0.80；有效经营月份数<12；第二问高风险池,0.308000,0.105000,0.532000,3,22.758937,22.290358,高风险,高风险,0.000000,0.000000,0.122500,0.000000
E361,***勘察设计工程有限公司,建筑与工程,中高冲击,base,1.150000,销项收入波动系数>1.00,0.253000,0.086250,0.437000,2,51.304774,48.054686,中风险,高风险,0.000000,24.600000,0.110500,0.122500
E362,***建材有限公司,建筑与工程,中高冲击,base,1.250000,销项收入波动系数>1.00；第二问高风险池,0.275000,0.093750,0.475000,2,41.419825,39.890058,高风险,高风险,0.000000,15.632548,0.122500,0.122500
E363,***建筑工程设计有限公司,建筑与工程,中高冲击,base,1.100000,第二问高风险池,0.242000,0.082500,0.418000,2,38.491665,37.343326,高风险,高风险,0.000000,0.000000,0.122500,0.122500
E364,***电子有限公司,制造与设备,中冲击,base,1.000000,,0.150000,0.050000,0.250000,1,54.116546,53.737845,中风险,中风险,0.000000,45.000000,0.110500,0.110500
E365,***信息技术有限公司,科技与线上服务,中冲击,base,1.150000,销项收入波动系数>1.00,0.172500,0.057500,0.287500,1,50.629643,49.975492,中风险,高风险,0.000000,27.000000,0.110500,0.122500
E366,***房地产经纪有限公司,其他服务,中冲击,base,1.300000,供应商集中度HHI>0.80；第二问高风险池,0.195000,0.065000,0.325000,1,43.116516,42.832755,高风险,高风险,0.000000,27.000000,0.122500,0.122500
E367,***电子商务有限公司,制造与设备,中冲击,base,1.300000,供应商集中度HHI>0.80；第二问高风险池,0.195000,0.065000,0.325000,1,38.897502,38.264249,高风险,高风险,0.000000,0.000000,0.122500,0.122500
E368,***通信科技有限责任公司,科技与线上服务,中冲击,base,1.250000,销项收入波动系数>1.00；第二问高风险池,0.187500,0.062500,0.312500,1,36.304898,36.101906,高风险,高风险,0.000000,0.000000,0.122500,0.122500
E369,***网络技术有限公司,其他服务,中冲击,base,1.000000,,0.150000,0.050000,0.250000,1,58.476331,57.801270,中风险,中风险,50.000000,45.000000,0.110500,0.110500
E370,***设计服务部,其他服务,中冲击,base,1.100000,第二问高风险池,0.165000,0.055000,0.275000,1,37.383399,36.707063,高风险,高风险,0.000000,0.000000,0.122500,0.122500
E371,***自动化科技有限公司,科技与线上服务,中冲击,base,1.250000,销项收入波动系数>1.00；第二问高风险池,0.187500,0.062500,0.312500,1,39.563105,38.451617,高风险,高风险,0.000000,0.000000,0.122500,0.122500
E372,***汽车维修有限责任公司,其他服务,中冲击,base,1.000000,,0.150000,0.050000,0.250000,1,57.767707,57.581082,中风险,中风险,50.000000,45.000000,0.110500,0.110500
E373,个体经营E373 ,可选消费与门店经营,高冲击,base,1.300000,销项收入波动系数>1.00；毛利率<5%,0.390000,0.130000,0.650000,3,41.339160,38.897806,高风险,高风险,0.000000,0.000000,0.000000,0.000000
E374,***建材经营部,建筑与工程,中高冲击,base,1.450000,供应商集中度HHI>0.80；销项收入波动系数>1.00；第二问高风险池,0.319000,0.108750,0.551000,3,36.693821,34.158985,高风险,高风险,0.000000,0.000000,0.122500,0.122500
E375,***电器经营部,其他服务,中冲击,base,1.200000,供应商集中度HHI>0.80,0.180000,0.060000,0.300000,1,50.467488,49.901483,中风险,高风险,0.000000,27.000000,0.110500,0.122500
E376,***建筑装饰设计有限责任公司,装饰装修与家居,高冲击,base,1.450000,供应商集中度HHI>0.80；销项收入波动系数>1.00；第二问高风险池,0.435000,0.145000,0.725000,3,30.594879,28.301996,高风险,高风险,0.000000,0.000000,0.122500,0.000000
E377,***文化传播有限公司,文娱广告与线下服务,高冲击,base,1.250000,销项收入波动系数>1.00；第二问高风险池,0.375000,0.125000,0.625000,2,44.045545,42.026894,高风险,高风险,0.000000,0.000000,0.122500,0.000000
E378,***商贸有限公司,普通批发商贸,中冲击,base,1.400000,销项收入波动系数>1.00；毛利率<5%；第二问高风险池,0.210000,0.070000,0.350000,1,42.659235,41.377136,高风险,高风险,0.000000,27.000000,0.122500,0.122500
E379,***药业有限公司,医疗药品与健康服务,低冲击,base,1.100000,第二问高风险池,0.055000,0.022000,0.110000,0,53.899936,53.669033,中风险,中风险,0.000000,30.000000,0.110500,0.110500
E380,***建材有限公司,建筑与工程,中高冲击,base,1.450000,客户集中度HHI>0.80；销项收入波动系数>1.00；第二问高风险池,0.319000,0.108750,0.551000,3,27.226100,24.588169,高风险,高风险,0.000000,0.000000,0.122500,0.122500
E381,***通信网络工程有限公司,建筑与工程,中高冲击,base,1.150000,毛利率<5%,0.253000,0.086250,0.437000,2,35.269978,33.025578,高风险,高风险,0.000000,0.000000,0.000000,0.000000
E382,***教育信息咨询有限公司***分公司,科技与线上服务,中冲击,base,1.100000,第二问高风险池,0.165000,0.055000,0.275000,1,45.076411,47.597202,高风险,高风险,0.000000,27.000000,0.122500,0.122500
E383,***通讯器材经营部,其他服务,中冲击,base,1.300000,供应商集中度HHI>0.80；第二问高风险池,0.195000,0.065000,0.325000,1,32.882094,32.069823,高风险,高风险,0.000000,0.000000,0.122500,0.122500
E384,个体经营E384 ,可选消费与门店经营,高冲击,base,1.250000,毛利率<5%；第二问高风险池,0.375000,0.125000,0.625000,2,40.947684,37.739645,高风险,高风险,0.000000,0.000000,0.122500,0.000000
E385,***装饰工程有限公司,装饰装修与家居,高冲击,base,1.000000,,0.300000,0.100000,0.500000,2,32.285793,30.937086,高风险,高风险,0.000000,0.000000,0.000000,0.000000
E386,个体经营E386 ,可选消费与门店经营,高冲击,base,1.100000,第二问高风险池,0.330000,0.110000,0.550000,2,35.872361,34.695682,高风险,高风险,0.000000,0.000000,0.122500,0.000000
E387,***农副产品经营部,其他服务,中冲击,base,1.300000,供应商集中度HHI>0.80；第二问高风险池,0.195000,0.065000,0.325000,1,39.394377,39.466993,高风险,高风险,0.000000,0.000000,0.122500,0.122500
E388,***商贸有限公司,普通批发商贸,中冲击,base,1.000000,,0.150000,0.050000,0.250000,1,52.380877,52.100039,中风险,中风险,0.000000,45.000000,0.110500,0.110500
E389,***清洁服务有限公司,其他服务,中冲击,base,1.400000,客户集中度HHI>0.80；有效经营月份数<12；第二问高风险池,0.210000,0.070000,0.350000,1,33.957191,33.501879,高风险,高风险,0.000000,0.000000,0.122500,0.122500
E390,***建筑工程有限公司,建筑与工程,中高冲击,base,1.300000,客户集中度HHI>0.80；第二问高风险池,0.286000,0.097500,0.494000,3,37.683930,36.003161,高风险,高风险,0.000000,0.000000,0.122500,0.122500
E391,***五金店,普通批发商贸,中冲击,base,1.100000,第二问高风险池,0.165000,0.055000,0.275000,1,49.916306,49.665123,高风险,高风险,0.000000,27.000000,0.122500,0.122500
E392,***科技有限公司,科技与线上服务,中冲击,base,1.150000,销项收入波动系数>1.00,0.172500,0.057500,0.287500,1,52.194603,51.305249,中风险,中风险,0.000000,45.000000,0.110500,0.110500
E393,***商贸有限责任公司,普通批发商贸,中冲击,base,1.000000,,0.150000,0.050000,0.250000,1,58.743075,59.934361,中风险,中风险,50.000000,45.000000,0.110500,0.106500
E394,***环保设计研究院（有限合伙）,其他服务,中冲击,base,1.000000,,0.150000,0.050000,0.250000,1,53.563152,52.086948,中风险,中风险,0.000000,0.000000,0.000000,0.000000
E395,***网络科技有限公司,科技与线上服务,中冲击,base,1.250000,销项收入波动系数>1.00；第二问高风险池,0.187500,0.062500,0.312500,1,39.821139,38.747763,高风险,高风险,0.000000,0.000000,0.122500,0.122500
E396,***文化传播有限公司,文娱广告与线下服务,高冲击,base,1.150000,销项收入波动系数>1.00,0.345000,0.115000,0.575000,2,54.463998,50.998656,中风险,中风险,0.000000,0.000000,0.110500,0.000000
E397,***大闸蟹经营部,其他服务,中冲击,base,1.300000,供应商集中度HHI>0.80；第二问高风险池,0.195000,0.065000,0.325000,1,39.065027,37.647946,高风险,高风险,0.000000,0.000000,0.122500,0.122500
E398,***医疗管理咨询有限公司,医疗药品与健康服务,低冲击,base,1.250000,销项收入波动系数>1.00；第二问高风险池,0.062500,0.025000,0.125000,0,43.419985,43.160648,高风险,高风险,0.000000,30.000000,0.122500,0.122500
E399,***装饰工程有限公司,装饰装修与家居,高冲击,base,1.100000,第二问高风险池,0.330000,0.110000,0.550000,2,35.518678,34.088359,高风险,高风险,0.000000,0.000000,0.122500,0.000000
E400,***办公用品经营部,普通批发商贸,中冲击,base,1.100000,第二问高风险池,0.165000,0.055000,0.275000,1,42.264778,41.735482,高风险,高风险,0.000000,27.000000,0.122500,0.122500
E401,***遮阳技术发展中心,其他服务,中冲击,base,1.150000,销项收入波动系数>1.00,0.172500,0.057500,0.287500,1,41.625872,40.504174,高风险,高风险,0.000000,0.000000,0.000000,0.000000
E402,***商贸有限公司,普通批发商贸,中冲击,base,1.300000,供应商集中度HHI>0.80；第二问高风险池,0.195000,0.065000,0.325000,1,40.023074,38.505405,高风险,高风险,0.000000,0.000000,0.122500,0.122500
E403,***机械有限公司,制造与设备,中冲击,base,1.250000,销项收入波动系数>1.00；第二问高风险池,0.187500,0.062500,0.312500,1,48.602318,47.891795,高风险,高风险,0.000000,27.000000,0.122500,0.122500
E404,个体经营E404 ,可选消费与门店经营,高冲击,base,1.400000,销项收入波动系数>1.00；毛利率<5%；第二问高风险池,0.420000,0.140000,0.700000,3,37.627973,30.975132,高风险,高风险,0.000000,0.000000,0.122500,0.000000
E405,***职业技能服务有限公司,其他服务,中冲击,base,1.350000,供应商集中度HHI>0.80；销项收入波动系数>1.00,0.202500,0.067500,0.337500,1,28.308338,27.795342,高风险,高风险,0.000000,0.000000,0.000000,0.000000
E406,***招投标代理有限公司,其他服务,中冲击,base,1.250000,销项收入波动系数>1.00；第二问高风险池,0.187500,0.062500,0.312500,1,37.120872,36.045846,高风险,高风险,0.000000,0.000000,0.122500,0.122500
E407,***装饰工程有限公司,装饰装修与家居,高冲击,base,1.100000,第二问高风险池,0.330000,0.110000,0.550000,2,37.638615,36.111635,高风险,高风险,0.000000,0.000000,0.122500,0.000000
E408,***空调制冷有限责任公司,其他服务,中冲击,base,1.100000,第二问高风险池,0.165000,0.055000,0.275000,1,39.680227,39.143229,高风险,高风险,0.000000,0.000000,0.122500,0.122500
E409,***塑胶有限公司,制造与设备,中冲击,base,1.250000,销项收入波动系数>1.00；第二问高风险池,0.187500,0.062500,0.312500,1,45.021483,47.065639,高风险,高风险,0.000000,0.000000,0.122500,0.000000
E410,***网络科技有限公司,科技与线上服务,中冲击,base,1.250000,销项收入波动系数>1.00；第二问高风险池,0.187500,0.062500,0.312500,1,44.310989,43.427319,高风险,高风险,0.000000,27.000000,0.122500,0.122500
E411,***机电设备有限公司,制造与设备,中冲击,base,1.250000,销项收入波动系数>1.00；第二问高风险池,0.187500,0.062500,0.312500,1,49.199637,46.143431,高风险,高风险,0.000000,27.000000,0.122500,0.122500
E412,***汽车贸易有限公司,普通批发商贸,中冲击,base,1.000000,,0.150000,0.050000,0.250000,1,54.393521,53.588684,中风险,中风险,0.000000,45.000000,0.110500,0.110500
E413,***石材工艺品有限公司,可选消费与门店经营,高冲击,base,1.250000,销项收入波动系数>1.00；第二问高风险池,0.375000,0.125000,0.625000,2,30.998700,29.587486,高风险,高风险,0.000000,0.000000,0.122500,0.000000
E414,***物流有限责任公司***分公司,物流运输,中冲击,base,1.350000,销项收入波动系数>1.00；有效经营月份数<12；第二问高风险池,0.202500,0.067500,0.337500,1,30.685718,29.670920,高风险,高风险,0.000000,0.000000,0.122500,0.122500
E415,***广告设计服务部,文娱广告与线下服务,高冲击,base,1.200000,供应商集中度HHI>0.80,0.360000,0.120000,0.600000,2,51.422690,50.193069,中风险,中风险,0.000000,0.000000,0.000000,0.000000
E416,***科技有限公司,科技与线上服务,中冲击,base,1.300000,供应商集中度HHI>0.80；第二问高风险池,0.195000,0.065000,0.325000,1,36.998630,36.833068,高风险,高风险,0.000000,0.000000,0.122500,0.000000
E417,***园林景观工程有限公司,建筑与工程,中高冲击,base,1.150000,毛利率<5%,0.253000,0.086250,0.437000,2,56.716854,52.244005,中风险,中风险,0.000000,0.000000,0.000000,0.000000
E418,***营销策划有限公司,文娱广告与线下服务,高冲击,base,1.250000,销项收入波动系数>1.00；第二问高风险池,0.375000,0.125000,0.625000,2,33.933980,33.551136,高风险,高风险,0.000000,0.000000,0.122500,0.000000
E419,***科技有限公司,科技与线上服务,中冲击,base,1.150000,毛利率<5%,0.172500,0.057500,0.287500,1,36.326319,36.131617,高风险,高风险,0.000000,0.000000,0.000000,0.000000
E420,***康药房,医疗药品与健康服务,低冲击,base,1.150000,毛利率<5%,0.057500,0.023000,0.115000,0,41.571604,41.295769,高风险,高风险,0.000000,0.000000,0.000000,0.000000
E421,***保温材料有限公司,制造与设备,中冲击,base,1.450000,供应商集中度HHI>0.80；销项收入波动系数>1.00；第二问高风险池,0.217500,0.072500,0.362500,1,33.891793,32.946076,高风险,高风险,0.000000,0.000000,0.122500,0.000000
E422,***童装店,可选消费与门店经营,高冲击,base,1.150000,销项收入波动系数>1.00,0.345000,0.115000,0.575000,2,34.484379,32.980104,高风险,高风险,0.000000,0.000000,0.000000,0.000000
E423,***通风设备有限公司,制造与设备,中冲击,base,1.000000,,0.150000,0.050000,0.250000,1,40.360457,39.023348,高风险,高风险,0.000000,0.000000,0.000000,0.000000
E424,***贸易有限公司,普通批发商贸,中冲击,base,1.300000,销项收入波动系数>1.00；毛利率<5%,0.195000,0.065000,0.325000,1,21.767739,20.967722,高风险,高风险,0.000000,0.000000,0.000000,0.000000
E425,***商贸有限公司,普通批发商贸,中冲击,base,1.200000,客户集中度HHI>0.80,0.180000,0.060000,0.300000,1,37.436505,36.607922,高风险,高风险,0.000000,0.000000,0.000000,0.000000
