日期类型,聚类类别,东向西-直行,东向西-左转,东向西-右转,西向东-直行,西向东-左转,西向东-右转,南向北-直行,南向北-左转,南向北-右转,北向南-直行,北向南-左转,北向南-右转
工作日,1,5.756737374428372,1.202580715307013,5.226259853000565,5.402042350268896,2.0979024580094636,1.2583700475974724,7.742998050525407,0.531284810133111,0.5337765242831564,10.11956832590429,3.205306897732517,2.4333432281129292
工作日,2,25.952202404839273,5.309458080338826,16.265749722761406,20.76099632176511,7.411850345441709,2.9299201312121537,29.51254565476038,2.279657097254749,1.7635628434480106,29.800231863154867,12.625716918955586,14.651555943787464
工作日,3,46.79303940857945,11.151616686705747,33.01675694819306,38.26794567232734,13.738045655842228,7.53832685364862,60.091693885514374,3.2607117758052233,4.744876947376068,59.703385711131205,23.163043935855807,20.755309483447768
周末及普通休息日,1,7.598708294030221,1.75047585986299,6.05422493701588,6.992588514130296,2.804947163439696,1.7857976557633393,9.278922510907343,0.8251702881828944,0.6714753827279458,11.96357943852746,3.897537085969048,2.985474384594403
周末及普通休息日,2,37.413481870052586,9.184307017048063,28.56721111289935,26.77369050589883,9.619862627935728,5.339780199498773,39.33296672211474,2.311324869925526,2.6007084079597336,42.19100603793192,13.880353692884114,12.658640269183964
周末及普通休息日,3,64.10908560338095,19.1992074706146,42.32504025933779,41.61683168651767,20.68241011505659,12.927424865092403,70.08990699002933,4.31725589012198,6.426170453182032,70.15772583674149,29.132443792636998,23.669830370621504
五一节假日,1,5.743313324158008,1.3403219843570062,6.531749306869601,6.032757292105387,2.3256611422106843,1.4928636169659792,8.756294902919274,0.3984972416563933,0.6400796502961273,10.72594154085246,4.53696583466144,2.2806823680758397
五一节假日,2,30.177334395511224,7.776972186926753,24.34569341756202,25.61720279619472,8.606046184473977,4.5017510193313,35.56701304765043,1.0249646942160977,3.016355591466805,33.85357599192696,16.838383646638416,9.983040361434625
五一节假日,3,48.520634187958905,21.055002410144123,40.644116488316726,50.11632723750074,14.633357179478118,10.065130397835956,62.048915994063314,2.201392132926768,10.971914095232147,52.28417669544266,39.33816642497894,19.23938527464015
