time,temperature
0.0,25.0
0.5,25.000000000000266
1.0,25.000000000000878
1.5,25.0000000000023
2.0,25.00000000000558
2.5,25.000000000013195
3.0,25.000000000030838
3.5,25.000000000071747
4.0,25.000000000166583
4.5,25.000000000386446
5.0,25.000000000896186
5.5,25.000000002077982
6.0,25.000000004817878
6.5,25.000000011170123
7.0,25.000000025897315
7.5,25.00000006004119
8.0,25.000000139201205
8.5,25.000000322727878
9.0,25.00000074822163
9.5,25.00000173470262
10.0,25.000004021816636
10.5,25.000009324493583
11.0,25.00002161929932
11.5,25.000050128992992
12.0,25.000116254079956
12.5,25.000269708008364
13.0,25.000626273885377
13.5,25.001457207019556
14.0,25.003406427228246
14.5,25.008045154873905
15.0,25.019385187553237
15.5,25.047803152919997
16.0,25.116200640919963
16.5,25.266442031614396
17.0,25.56916798337746
17.5,26.108753367948005
18.0,26.926104368681493
18.5,27.97864584854053
19.0,29.17870023939715
19.5,30.45133902753356
20.0,31.751926250177934
20.5,33.05819072976598
21.0,34.35993521854639
21.5,35.65269890895741
22.0,36.93460029468458
22.5,38.204890024906284
23.0,39.46331026253369
23.5,40.709815255700605
24.0,41.94445023653062
24.5,43.16729908424346
25.0,44.37846173652855
25.5,45.57804444857212
26.0,46.76615559663952
26.5,47.94290387369114
27.0,49.10839751679932
27.5,50.26274397957435
28.0,51.40604979648462
28.5,52.538420529893
29.0,53.65996075271798
29.5,54.770774046408114
30.0,55.87096300546932
30.5,56.96062924476704
31.0,58.03987340797396
31.5,59.108795176461335
32.0,60.16749327833137
32.5,61.216065497460725
33.0,62.254608682499644
33.5,63.28321875580309
34.0,64.30199072228439
34.5,65.31101867818742
35.0,66.3103958197766
35.5,67.30021445194404
36.0,68.280565996735
36.5,69.25154100179167
37.0,70.21322914871637
37.5,71.16571926135471
38.0,72.10909931399961
38.5,73.04345643951679
39.0,73.96887693739258
39.5,74.88544628170472
40.0,75.79324912901701
40.5,76.69236932619837
41.0,77.58288991816707
41.5,78.46489315556107
42.0,79.33846050233485
42.5,80.20367264328357
43.0,81.06060949149538
43.5,81.90935019573234
44.0,82.74997314774083
44.5,83.58255598949195
45.0,84.40717562035277
45.5,85.22390820418892
46.0,86.03282917639926
46.5,86.83401325088333
47.0,87.62753442694199
47.5,88.41346599611231
48.0,89.19188054893687
48.5,89.9628499816684
49.0,90.72644550291037
49.5,91.48273764019386
50.0,92.2317962464918
50.5,92.97369050667061
51.0,93.7084889438804
51.5,94.43625942588389
52.0,95.15706917132484
52.5,95.8709847559365
53.0,96.57807211869078
53.5,97.27839656788845
54.0,97.97202278719122
54.5,98.65901484159609
55.0,99.33943618335249
55.5,100.01334965782296
56.0,100.68081750928762
56.5,101.34190138669331
57.0,101.99666234934747
57.5,102.64516087255792
58.0,103.28745685321834
58.5,103.92360961534062
59.0,104.5536779155341
59.5,105.17771994843241
60.0,105.79579335206867
60.5,106.40795521319883
61.0,107.01426207257455
61.5,107.61476993016532
62.0,108.20953425033076
62.5,108.7986099669435
63.0,109.38205148846295
63.5,109.95991270296064
64.0,110.53224698309742
64.5,111.09910719105312
65.0,111.66054568340898
65.5,112.21661431598346
66.0,112.7673644486218
66.5,113.3128469499397
67.0,113.85311220202162
67.5,114.38821010507434
68.0,114.9181900820357
68.5,115.44310108313948
69.0,115.96299159043667
69.5,116.47790962227317
70.0,116.98790273772508
70.5,117.49301804099127
71.0,117.99330218574404
71.5,118.48880137943821
72.0,118.97956138757891
72.5,119.46562753794855
73.0,119.94704472479351
73.5,120.42385741297059
74.0,120.89610964205391
74.5,121.3638450304025
75.0,121.82710677918898
75.5,122.28593767638975
76.0,122.74038010073694
76.5,123.1904760256326
77.0,123.63626702302544
77.5,124.07779426725055
78.0,124.51509853883223
78.5,124.94822022825068
79.0,125.37719933967237
79.5,125.80207549464502
80.0,126.22288793575699
80.5,126.63967553026181
81.0,127.05247677366799
81.5,127.46132979329442
82.0,127.86627235179185
82.5,128.2673418506306
83.0,128.66457533355495
83.5,129.05800949000445
84.0,129.44768065850235
84.5,129.83362483001187
85.0,130.21587765126012
85.5,130.59447442803014
86.0,130.96945012842173
86.5,131.34083938608066
87.0,131.70867650339724
87.5,132.072995454674
88.0,132.4338298892631
88.5,132.79121313467397
89.0,133.14517819965042
89.5,133.49575777721887
90.0,133.84298424770722
90.5,134.18688968173433
91.0,134.5275058431713
91.5,134.8648641920739
92.0,135.19899588758693
92.5,135.52993179082074
93.0,135.85770246769982
93.5,136.18233819178403
94.0,136.50386894706276
94.5,136.82232443072175
95.0,137.13773405588356
95.5,137.4501269543213
96.0,137.759531979146
96.5,138.06597770746822
97.0,138.3694924430334
97.5,138.6701042188319
98.0,138.96784079968344
98.5,139.26272968479643
99.0,139.55479811030207
99.5,139.84407305176393
100.0,140.13058122666263
100.5,140.41434909685623
101.0,140.69540287101628
101.5,140.97376850703992
102.0,141.24947171443782
102.5,141.5225379566988
103.0,141.79299245363052
103.5,142.06086018367694
104.0,142.32616588621266
104.5,142.588934063814
105.0,142.84918898450738
105.5,143.10695468399473
106.0,143.36225496785656
106.5,143.61511341373236
107.0,143.86555337347878
107.5,144.11359797530577
108.0,144.35927012589053
108.5,144.60259251246976
109.0,144.84358760491006
109.5,145.08227765775675
110.0,145.31868471226142
110.5,145.55283059838783
111.0,145.78473693679715
111.5,146.0144251408115
112.0,146.2419164183575
112.5,146.46723177388802
113.0,146.69039201028428
113.5,146.91141773073696
114.0,147.13032934060715
114.5,147.34714704926708
115.0,147.56189087192107
115.5,147.77458063140642
116.0,147.98523595997463
116.5,148.19387630105328
117.0,148.40052091098838
117.5,148.6051888607677
118.0,148.80789903772506
118.5,149.0086701472258
119.0,149.20752071433367
119.5,149.40446908545934
120.0,149.59953342999074
120.5,149.79273174190527
121.0,149.98408184136449
121.5,150.17360137629112
122.0,150.36130782392874
122.5,150.5472184923845
123.0,150.73135052215503
123.5,150.9137208876358
124.0,151.0943463986142
124.5,151.27324370174668
125.0,151.45042928202022
125.5,151.62591946419874
126.0,151.7997304142544
126.5,151.97187814078558
127.0,152.14237849642188
127.5,152.31124717922074
128.0,152.47849973406161
128.5,152.64415155405416
129.0,152.8082178819969
129.5,152.97071381197057
130.0,153.13165429126093
130.5,153.29105412306248
131.0,153.44892797100889
131.5,153.60529036795478
132.0,153.76015573463027
132.5,153.9135384212017
133.0,154.06545280195667
133.5,154.21591349317598
134.0,154.36493585662402
134.5,154.51253716517382
135.0,154.65873930300708
135.5,154.80357502014363
136.0,154.94710240746036
136.5,155.08943832009427
137.0,155.23083513474964
137.5,155.37185479454124
138.0,155.51375184725617
138.5,155.6592586423697
139.0,155.81393274555967
139.5,155.98748047171784
140.0,156.1922422555721
140.5,156.43575019119643
141.0,156.71366724746423
141.5,157.01370178327366
142.0,157.3244124382029
142.5,157.63870143688473
143.0,157.9529606173374
143.5,158.26552767561103
144.0,158.57567750302613
144.5,158.8831088391167
145.0,159.18770689554728
145.5,159.4894378808549
146.0,159.78830292258934
146.5,160.08431808446662
147.0,160.37750572818715
147.5,160.66789078515913
148.0,160.95549914908807
148.5,161.24035698391845
149.0,161.52249042668566
149.5,161.80192546071
150.0,162.07868786225458
150.5,162.3528031788573
151.0,162.62429672131316
151.5,162.8931935615325
152.0,163.15951853292657
152.5,163.4232962318809
153.0,163.68455101971324
153.5,163.94330702489037
154.0,164.19958814549184
154.5,164.45341805210822
155.0,164.70482019170674
155.5,164.95381779373707
156.0,165.2004338814476
156.5,165.44469129530486
157.0,165.68661274450014
157.5,165.92622092360133
158.0,166.16353878026442
158.5,166.39859013317883
159.0,166.6314011019457
159.5,166.86200341891836
160.0,167.09044210170543
160.5,167.31679322179485
161.0,167.5412050062157
161.5,167.76399263784052
162.0,167.98585543214722
162.5,168.20836654218775
163.0,168.4350367994991
163.5,168.67342794919537
164.0,168.938483017905
164.5,169.25470879999082
165.0,169.64938099739396
165.5,170.1331676892977
166.0,170.68943561474168
166.5,171.28909231362388
167.0,171.90858478588936
167.5,172.5342561438061
168.0,173.15938752464064
168.5,173.78093181771146
169.0,174.39757140355718
169.5,175.00876331696736
170.0,175.61430396224517
170.5,176.21413686301818
171.0,176.80826889290844
171.5,177.39673398741616
172.0,177.97957746506273
172.5,178.5568492619785
173.0,179.12860101557303
173.5,179.69488480923062
174.0,180.25575263358056
174.5,180.81125615684874
175.0,181.36144662850384
175.5,181.90637484037273
176.0,182.44609111251896
176.5,182.9806452897787
177.0,183.5100867428719
177.5,184.03446437147016
178.0,184.55382660810363
178.5,185.06822142244934
179.0,185.57769632586383
179.5,186.08229837623665
180.0,186.58207418351438
180.5,187.07706991677884
181.0,187.56733131495946
181.5,188.05290370601597
182.0,188.53383204580817
182.5,189.01016100266
183.0,189.48193514791177
183.5,189.94919939223666
184.0,190.41199999171553
184.5,190.87038687448452
185.0,191.32441902681936
185.5,191.77417696019427
186.0,192.21979152991665
186.5,192.66151031485046
187.0,193.09984922288655
187.5,193.53593192847882
188.0,193.97221500531455
188.5,194.41386991917508
189.0,194.8707169919238
189.5,195.35764184913086
190.0,195.88865528695032
190.5,196.465631725705
191.0,197.07618973978157
191.5,197.70419833633818
192.0,198.33801083696915
192.5,198.9712541041192
193.0,199.60089112493122
193.5,200.22557864292938
194.0,200.84475698909208
194.5,201.45821461599206
195.0,202.06589181035946
195.5,202.66779441668925
196.0,203.2639563229195
196.5,203.85442322554476
197.0,204.43924561931507
197.5,205.01847577433801
198.0,205.5921664346299
198.5,206.16037025944067
199.0,206.72313958498015
199.5,207.28052632431726
200.0,207.83258192684426
200.5,208.37935736339602
201.0,208.92090312239753
201.5,209.45726921072807
202.0,209.98850515657836
202.5,210.51466001312315
203.0,211.03578236249876
203.5,211.55192031986243
204.0,212.06312153743303
204.5,212.5694332084662
205.0,213.07090207113785
205.5,213.56757441231983
206.0,214.05949607123324
206.5,214.54671244296583
207.0,215.02926848183827
207.5,215.50720870460225
208.0,215.9805771934512
208.5,216.4494175988206
209.0,216.91377314195208
209.5,217.37368661719177
210.0,217.82920039398692
210.5,218.28035641854163
211.0,218.7271962150849
211.5,219.16976088669702
212.0,219.60809111563242
212.5,220.04222716306742
213.0,220.4722088681895
213.5,220.89807564653333
214.0,221.31986648745166
214.5,221.73761995059485
215.0,222.15137416125063
215.5,222.5611668043744
216.0,222.96703511711314
216.5,223.36901587959622
217.0,223.76714540373135
217.5,224.16145951970253
218.0,224.5519935598217
218.5,224.93878233932995
219.0,225.3218601336842
219.5,225.70126065179127
220.0,226.07701700457008
220.5,226.44916166812632
221.0,226.81772644071407
221.5,227.18274239253157
222.0,227.5442398072518
222.5,227.90224811401953
223.0,228.25679580845102
223.5,228.6079103609492
224.0,228.95561811038635
224.5,229.29994414090962
225.0,229.64091213928015
225.5,229.97854422976147
226.0,230.31286078311683
226.5,230.64388019575276
227.0,230.97161863444236
227.5,231.29608974137162
228.0,231.61730429345693
228.5,231.93526980897178
229.0,232.24999009347678
229.5,232.561464715853
230.0,232.8696884038735
230.5,233.174650347192
231.0,233.47633339385283
231.5,233.774713124415
232.0,234.06975678549875
232.5,234.36142206198886
233.0,234.64965566422836
233.5,234.9343917032936
234.0,235.21554982382585
234.5,235.49303305990065
235.0,235.76672537503504
235.5,236.0364888426792
236.0,236.30216041845222
236.5,236.56354825003103
237.0,236.82042746510626
237.5,237.07253537235647
238.0,237.31956600522577
238.5,237.5611639337737
239.0,237.79691726648124
239.5,238.02634976223177
240.0,238.2489119734195
240.5,238.46397134486878
241.0,238.67080120008055
241.5,238.86856855468383
242.0,239.05632070052218
242.5,239.2329704830331
243.0,239.3972800935406
243.5,239.54784285870554
244.0,239.6830614867005
244.5,239.80111831342097
245.0,239.89992553984018
245.5,239.97703088547973
246.0,240.02950388709087
246.5,240.0545493854055
247.0,240.05363611645743
247.5,240.03391600394139
248.0,239.99736011916838
248.5,239.9413285549506
249.0,239.8632252912792
249.5,239.76079970250476
250.0,239.63187536236418
250.5,239.4742945410265
251.0,239.28594973317377
251.5,239.0648367084817
252.0,238.80911391277314
252.5,238.5171635863507
253.0,238.18765089113174
253.5,237.81957710597501
254.0,237.41232296329733
254.5,236.9656786617878
255.0,236.4798580009386
255.5,235.9554953497257
256.0,235.39362561699173
256.5,234.7956488270329
257.0,234.16328211635678
257.5,233.49850279937212
258.0,232.80348652139116
258.5,232.0805444313572
259.0,231.33206284120254
259.5,230.56044811620745
260.0,229.7680786975952
260.5,228.9572653180265
261.0,228.13021972508275
261.5,227.28903163246417
262.0,226.43565319390274
262.5,225.57189003420348
263.0,224.69939775175524
263.5,223.81968279560095
264.0,222.93410668496497
264.5,222.04389265063625
265.0,221.15013391206966
265.5,220.2538029439912
266.0,219.35576121991676
266.5,218.4567690403256
267.0,217.5574951568779
267.5,216.65852599016958
268.0,215.76037430782705
268.5,214.86348728393017
269.0,213.96825390190708
269.5,213.07501169335092
270.0,212.18405282673785
270.5,211.2956295746304
271.0,210.40995919722232
271.5,209.5272282853349
272.0,208.6475966082824
272.5,207.77120051222943
273.0,206.89815591341812
273.5,206.0285609284521
274.0,205.16249818105342
274.5,204.30003682163633
275.0,203.44123429285693
275.5,202.58613787114103
276.0,201.7347860111489
276.5,200.88720951726626
277.0,200.0434325635458
277.5,199.20347358107966
278.0,198.3673460295632
278.5,197.53505906780802
279.0,196.7066181361708
279.5,195.8820254622656
280.0,195.06128049991074
280.5,194.2443803100061
281.0,193.4313198909337
281.5,192.62209246510122
282.0,191.8166897273961
282.5,191.01510206057122
283.0,190.2173187219297
283.5,189.4233280051065
284.0,188.633117380247
284.5,187.84667361544868
285.0,187.06398288195524
285.5,186.28503084526318
286.0,185.509802744016
286.5,184.7382834583122
287.0,183.97045756883804
287.5,183.2063094080484
288.0,182.44582310445676
288.5,181.68898262095374
289.0,180.93577178795175
289.5,180.18617433204687
290.0,179.44017390079645
290.5,178.69775408413216
291.0,177.95889843285784
291.5,177.22359047462226
292.0,176.49181372770408
292.5,175.7635517129024
293.0,175.03878796378564
293.5,174.31750603551907
294.0,173.59968951246097
294.5,172.88532201469235
295.0,172.17438720362316
295.5,171.46686878679878
296.0,170.7627505220139
296.5,170.0620162208264
297.0,169.36464975155243
297.5,168.67063504181158
298.0,167.97995608068285
298.5,167.29259692052392
299.0,166.60854167849848
299.5,165.92777453785158
300.0,165.25027974896616
300.5,164.57604163023095
301.0,163.90504456874493
301.5,163.23727302088014
302.0,162.57271151272263
302.5,161.91134464040763
303.0,161.2531570703633
303.5,160.5981335394759
304.0,159.9462588551866
304.5,159.29751789552998
305.0,158.65189560912117
305.5,158.0093770150999
306.0,157.36994720303682
306.5,156.7335913328073
307.0,156.1002946344375
307.5,155.47004240792654
308.0,154.84282002304826
308.5,154.21861291913538
309.0,153.59740660484874
309.5,152.97918665793375
310.0,152.36393872496595
310.5,151.75164852108767
311.0,151.1423018297366
311.5,150.53588450236794
312.0,149.9323824581713
312.5,149.33178168378305
313.0,148.7340682329947
313.5,148.1392282264587
314.0,147.54724785139157
314.5,146.95811336127537
315.0,146.37181107555736
315.5,145.78832737934925
316.0,145.20764872312512
316.5,144.6297616224193
317.0,144.0546526575241
317.5,143.48230847318732
318.0,142.91271577831046
318.5,142.3458613456468
319.0,141.78173201150048
319.5,141.22031467542604
320.0,140.66159629992868
320.5,140.1055639101655
321.0,139.55220459364756
321.5,139.001505499943
322.0,138.4534538403812
322.5,137.90803688775802
323.0,137.36524197604209
323.5,136.82505650008247
324.0,136.2874679153172
324.5,135.75246373748334
325.0,135.2200315423282
325.5,134.69015896532153
326.0,134.16283370136946
326.5,133.63804350452918
327.0,133.11577618772546
327.5,132.59601962246782
328.0,132.07876173856968
328.5,131.56399052386817
329.0,131.05169402394566
329.5,130.54186034185244
330.0,130.03447763783066
330.5,129.52953412903963
331.0,129.0270180892823
331.5,128.52691784873323
332.0,128.0292217936677
332.5,127.53391836619201
333.0,127.04099606397543
333.5,126.55044343998287
334.0,126.06224910220942
334.5,125.57640171341566
335.0,125.09288999086453
335.5,124.61170270605935
336.0,124.13282868448313
336.5,123.65625680533904
337.0,123.1819760012923
337.5,122.70997525821305
338.0,122.24024361492073
338.5,121.77277016292949
339.0,121.30754404619489
